source,sha256,package,state,probe,x,y,axis,direction,slope,accepted,region,reason,width40,width50,width60,canonicalFigureHeight
"src/assets/characters/government-ai.png","fbb90cb43ab65f3613653dcfa03df407e1177102e1e745b810125b4b9a2216a0","government-ai","selection","1","1152","299","y","1","0.25","true","head","Plain top housing edge into cream paint; the sampled segment is before the rounded corner.","2.9104","2.9104","2.9104","2000"
"src/assets/characters/government-ai.png","fbb90cb43ab65f3613653dcfa03df407e1177102e1e745b810125b4b9a2216a0","government-ai","selection","2","876","305","y","1","-0.25","true","head","Long top housing edge into cream paint, away from hardware and trim junctions.","2.9104","2.9104","2.9104","2000"
"src/assets/characters/government-ai.png","fbb90cb43ab65f3613653dcfa03df407e1177102e1e745b810125b4b9a2216a0","government-ai","selection","3","818","324","x","1","-0.625","false","excluded","Head corner combines curvature, trim and nearby hardware; it is not a plain contour sample.","4.2400","5.0880","5.9360","2000"
"src/assets/characters/government-ai.png","fbb90cb43ab65f3613653dcfa03df407e1177102e1e745b810125b4b9a2216a0","government-ai","selection","4","1168","348","x","-1","-0.25","true","head","Plain side housing border into cream paint; nearby face-panel detail is inside the shell.","3.8806","3.8806","3.8806","2000"
"src/assets/characters/government-ai.png","fbb90cb43ab65f3613653dcfa03df407e1177102e1e745b810125b4b9a2216a0","government-ai","selection","5","1236","551","y","1","0","false","excluded","Shoulder-shell corner meets the circular shoulder joint.","4.0000","4.0000","4.0000","2000"
"src/assets/characters/government-ai.png","fbb90cb43ab65f3613653dcfa03df407e1177102e1e745b810125b4b9a2216a0","government-ai","selection","6","896","624","x","1","-1.25","false","excluded","Circular shoulder rim; its structural ring can be mistaken for contour thickness.","3.7482","3.7482","3.7482","2000"
"src/assets/characters/government-ai.png","fbb90cb43ab65f3613653dcfa03df407e1177102e1e745b810125b4b9a2216a0","government-ai","selection","7","540","630","y","1","-0.125","false","excluded","Paper top notch is too close to the sample for a plain straight-edge reference.","1.9846","2.9768","2.9768","2000"
"src/assets/characters/government-ai.png","fbb90cb43ab65f3613653dcfa03df407e1177102e1e745b810125b4b9a2216a0","government-ai","selection","8","1524","725","y","1","-0.375","true","limb","Smooth outer finger-pad tip into distinct grey fill; this is an exterior terminal pad, not the articulated joint.","2.8090","2.8090","2.8090","2000"
"src/assets/characters/government-ai.png","fbb90cb43ab65f3613653dcfa03df407e1177102e1e745b810125b4b9a2216a0","government-ai","selection","9","1401","948","x","-1","-1","true","limb","Smooth outer wrist/palm edge into blue painted fill, away from the palm interior.","3.5355","4.2426","4.2426","2000"
"src/assets/characters/government-ai.png","fbb90cb43ab65f3613653dcfa03df407e1177102e1e745b810125b4b9a2216a0","government-ai","selection","10","1295","1008","x","-1","0.75","false","excluded","Hip joint rim and dark wheel-shaped mass.","4.0000","4.0000","4.0000","2000"
"src/assets/characters/government-ai.png","fbb90cb43ab65f3613653dcfa03df407e1177102e1e745b810125b4b9a2216a0","government-ai","selection","11","540","1026","y","-1","-0.25","false","excluded","Stacked paper bottom contains multiple parallel rims.","2.9104","2.9104","3.8806","2000"
"src/assets/characters/government-ai.png","fbb90cb43ab65f3613653dcfa03df407e1177102e1e745b810125b4b9a2216a0","government-ai","selection","12","780","1030","y","-1","0.25","true","limb","Lower forearm border into cream paint; the sampled segment is separate from the elbow joint.","4.8507","4.8507","4.8507","2000"
"src/assets/characters/government-ai.png","fbb90cb43ab65f3613653dcfa03df407e1177102e1e745b810125b4b9a2216a0","government-ai","selection","13","931","1332","x","1","-0.75","false","excluded","Knee joint side and double rim.","4.8000","4.8000","5.6000","2000"
"src/assets/characters/government-ai.png","fbb90cb43ab65f3613653dcfa03df407e1177102e1e745b810125b4b9a2216a0","government-ai","selection","14","1331","1428","x","-1","-0.25","false","excluded","Circular knee joint with structural rim.","3.8806","3.8806","3.8806","2000"
"src/assets/characters/government-ai.png","fbb90cb43ab65f3613653dcfa03df407e1177102e1e745b810125b4b9a2216a0","government-ai","selection","15","952","1440","x","1","0.25","true","limb","Straight lower-leg shell edge into cream paint below the dark connector.","4.8507","4.8507","4.8507","2000"
"src/assets/characters/government-ai.png","fbb90cb43ab65f3613653dcfa03df407e1177102e1e745b810125b4b9a2216a0","government-ai","selection","16","1378","1500","x","-1","0.5","false","excluded","Lower-leg corner and overlapping side-panel/rivet detail.","2.6833","3.5777","3.5777","2000"
"src/assets/characters/government-ai.png","fbb90cb43ab65f3613653dcfa03df407e1177102e1e745b810125b4b9a2216a0","government-ai","selection","17","959","1764","x","1","-1.125","false","excluded","Ankle-to-foot junction with a dark connector and sharp change of direction.","3.9862","3.9862","3.9862","2000"
"src/assets/characters/government-ai.png","fbb90cb43ab65f3613653dcfa03df407e1177102e1e745b810125b4b9a2216a0","government-ai","selection","18","1499","1824","x","-1","0.25","true","base","Outer foot side-panel border into red paint, away from the sole and panel corner.","3.8806","3.8806","3.8806","2000"
"src/assets/characters/government-ai.png","fbb90cb43ab65f3613653dcfa03df407e1177102e1e745b810125b4b9a2216a0","government-ai","selection","19","832","1848","x","1","-0.375","false","excluded","Toe corner and adjoining top/side panel seam.","4.6816","4.6816","4.6816","2000"
"src/assets/characters/government-ai.png","fbb90cb43ab65f3613653dcfa03df407e1177102e1e745b810125b4b9a2216a0","government-ai","selection","20","804","1908","x","1","-0.375","false","excluded","Sole corner into a broad dark structural fill.","4.6816","4.6816","4.6816","2000"
"src/assets/characters/states/government-ai/thinking.png","fd18d9e34d2ebc444beee86a5ec01c99ed4b88f4818da52e8eeaca07f126019e","government-ai","thinking","1","1080","192","y","1","-0.125","false","excluded","Top-head handle and overlapping rim, rather than the plain head housing contour.","3.9691","4.9614","4.9614","2000"
"src/assets/characters/states/government-ai/thinking.png","fd18d9e34d2ebc444beee86a5ec01c99ed4b88f4818da52e8eeaca07f126019e","government-ai","thinking","2","1218","192","x","-1","0.125","false","excluded","Antenna collar/ring junction.","5.9537","5.9537","5.9537","2000"
"src/assets/characters/states/government-ai/thinking.png","fd18d9e34d2ebc444beee86a5ec01c99ed4b88f4818da52e8eeaca07f126019e","government-ai","thinking","3","876","244","y","1","-0.375","true","head","Straight upper head housing border into cream paint, away from the top handle.","3.7453","3.7453","4.6816","2000"
"src/assets/characters/states/government-ai/thinking.png","fd18d9e34d2ebc444beee86a5ec01c99ed4b88f4818da52e8eeaca07f126019e","government-ai","thinking","4","771","288","x","1","-0.75","false","excluded","Head corner contains multiple trim edges and a nearby fastener.","5.6000","5.6000","5.6000","2000"
"src/assets/characters/states/government-ai/thinking.png","fd18d9e34d2ebc444beee86a5ec01c99ed4b88f4818da52e8eeaca07f126019e","government-ai","thinking","5","836","612","x","1","-0.375","false","excluded","Circular shoulder rim and painted structural ring.","4.6816","4.6816","5.6180","2000"
"src/assets/characters/states/government-ai/thinking.png","fd18d9e34d2ebc444beee86a5ec01c99ed4b88f4818da52e8eeaca07f126019e","government-ai","thinking","6","1286","612","x","-1","-1","false","excluded","Underside of the shoulder joint with adjoining black connector fill.","4.9497","4.9497","4.9497","2000"
"src/assets/characters/states/government-ai/thinking.png","fd18d9e34d2ebc444beee86a5ec01c99ed4b88f4818da52e8eeaca07f126019e","government-ai","thinking","7","1303","660","x","-1","0.5","true","limb","Plain upper-arm cream shell edge below its connector collar.","4.4721","4.4721","4.4721","2000"
"src/assets/characters/states/government-ai/thinking.png","fd18d9e34d2ebc444beee86a5ec01c99ed4b88f4818da52e8eeaca07f126019e","government-ai","thinking","8","648","672","y","1","-0.25","true","prop","Straight upper paper edge into pale paper fill, away from corners.","4.8507","4.8507","4.8507","2000"
"src/assets/characters/states/government-ai/thinking.png","fd18d9e34d2ebc444beee86a5ec01c99ed4b88f4818da52e8eeaca07f126019e","government-ai","thinking","9","612","1023","y","-1","1","false","excluded","Articulated finger overlap and palm rim.","4.9497","4.9497","4.9497","2000"
"src/assets/characters/states/government-ai/thinking.png","fd18d9e34d2ebc444beee86a5ec01c99ed4b88f4818da52e8eeaca07f126019e","government-ai","thinking","10","1258","1032","x","-1","0.25","false","excluded","Hip connector cap and joint boundary.","3.8806","4.8507","4.8507","2000"
"src/assets/characters/states/government-ai/thinking.png","fd18d9e34d2ebc444beee86a5ec01c99ed4b88f4818da52e8eeaca07f126019e","government-ai","thinking","11","1104","1045","y","-1","0.875","true","body","Smooth lower torso curve into cream paint; the internal fastener is separated from the sampled edge.","4.5155","4.5155","4.5155","2000"
"src/assets/characters/states/government-ai/thinking.png","fd18d9e34d2ebc444beee86a5ec01c99ed4b88f4818da52e8eeaca07f126019e","government-ai","thinking","12","993","1092","x","1","-0.375","true","limb","Straight thigh shell border into cream paint.","4.6816","4.6816","4.6816","2000"
"src/assets/characters/states/government-ai/thinking.png","fd18d9e34d2ebc444beee86a5ec01c99ed4b88f4818da52e8eeaca07f126019e","government-ai","thinking","13","902","1356","x","1","0.125","false","excluded","Knee wheel side and double rim.","4.9614","4.9614","4.9614","2000"
"src/assets/characters/states/government-ai/thinking.png","fd18d9e34d2ebc444beee86a5ec01c99ed4b88f4818da52e8eeaca07f126019e","government-ai","thinking","14","1253","1380","x","-1","-0.125","false","excluded","Circular knee rim.","4.9614","5.9537","5.9537","2000"
"src/assets/characters/states/government-ai/thinking.png","fd18d9e34d2ebc444beee86a5ec01c99ed4b88f4818da52e8eeaca07f126019e","government-ai","thinking","15","915","1428","x","1","-0.125","true","limb","Straight shin shell border into cream paint below the connector.","3.9691","3.9691","4.9614","2000"
"src/assets/characters/states/government-ai/thinking.png","fd18d9e34d2ebc444beee86a5ec01c99ed4b88f4818da52e8eeaca07f126019e","government-ai","thinking","16","1282","1440","x","-1","0.25","false","excluded","Knee-to-shin junction and overlapping connector plate.","4.8507","4.8507","4.8507","2000"
"src/assets/characters/states/government-ai/thinking.png","fd18d9e34d2ebc444beee86a5ec01c99ed4b88f4818da52e8eeaca07f126019e","government-ai","thinking","17","784","1776","x","1","-0.5","true","base","Sloping foot housing edge into cream paint above the panel seam.","5.3666","5.3666","5.3666","2000"
"src/assets/characters/states/government-ai/thinking.png","fd18d9e34d2ebc444beee86a5ec01c99ed4b88f4818da52e8eeaca07f126019e","government-ai","thinking","18","1434","1800","x","-1","-0.125","true","base","Red foot side-panel exterior border, away from the lower seam.","3.9691","3.9691","3.9691","2000"
"src/assets/characters/states/government-ai/thinking.png","fd18d9e34d2ebc444beee86a5ec01c99ed4b88f4818da52e8eeaca07f126019e","government-ai","thinking","19","691","1860","x","1","-0.5","false","excluded","Toe corner with top/side seam.","4.4721","4.4721","5.3666","2000"
"src/assets/characters/states/government-ai/thinking.png","fd18d9e34d2ebc444beee86a5ec01c99ed4b88f4818da52e8eeaca07f126019e","government-ai","thinking","20","1032","1953","y","-1","-0.25","false","excluded","Sole corner and broad dark structural fill.","4.8507","4.8507","5.8209","2000"
"src/assets/characters/states/government-ai/delivery.png","ee00b7be6269223a88001e7b120090573908eb6b820b7de9ed05cb2e575f5ce0","government-ai","delivery","1","1237","48","x","-1","-0.75","true","head","Outer antenna bulb border into clearly distinct red fill; sampled away from its shaft connection.","4.8000","4.8000","4.8000","2000"
"src/assets/characters/states/government-ai/delivery.png","ee00b7be6269223a88001e7b120090573908eb6b820b7de9ed05cb2e575f5ce0","government-ai","delivery","2","1161","204","x","-1","-0.25","true","head","Straight antenna shaft border into visible grey metal fill, between collars.","3.8806","3.8806","3.8806","2000"
"src/assets/characters/states/government-ai/delivery.png","ee00b7be6269223a88001e7b120090573908eb6b820b7de9ed05cb2e575f5ce0","government-ai","delivery","3","900","229","y","1","-0.25","true","head","Plain upper head housing edge into cream paint.","2.9104","2.9104","2.9104","2000"
"src/assets/characters/states/government-ai/delivery.png","ee00b7be6269223a88001e7b120090573908eb6b820b7de9ed05cb2e575f5ce0","government-ai","delivery","4","708","288","x","1","-0.75","false","excluded","Head corner and layered trim; the large dark run is not a reliable straight contour width.","8.0000","8.0000","8.0000","2000"
"src/assets/characters/states/government-ai/delivery.png","ee00b7be6269223a88001e7b120090573908eb6b820b7de9ed05cb2e575f5ce0","government-ai","delivery","5","907","540","x","1","-0.875","false","excluded","Upper torso/shoulder corner overlaps mechanical attachment and shadow.","5.2680","5.2680","5.2680","2000"
"src/assets/characters/states/government-ai/delivery.png","ee00b7be6269223a88001e7b120090573908eb6b820b7de9ed05cb2e575f5ce0","government-ai","delivery","6","528","560","y","1","-0.125","true","prop","Straight paper top edge into pale paper fill.","3.9691","3.9691","3.9691","2000"
"src/assets/characters/states/government-ai/delivery.png","ee00b7be6269223a88001e7b120090573908eb6b820b7de9ed05cb2e575f5ce0","government-ai","delivery","7","1620","618","y","1","-1.375","true","limb","Smooth outer finger-pad side into grey fill, separate from the finger joint.","4.7054","4.7054","4.7054","2000"
"src/assets/characters/states/government-ai/delivery.png","ee00b7be6269223a88001e7b120090573908eb6b820b7de9ed05cb2e575f5ce0","government-ai","delivery","8","1284","639","y","1","0.125","false","excluded","Upper-arm connector collar meets the shell at the probe.","2.9768","3.9691","3.9691","2000"
"src/assets/characters/states/government-ai/delivery.png","ee00b7be6269223a88001e7b120090573908eb6b820b7de9ed05cb2e575f5ce0","government-ai","delivery","9","1656","828","y","-1","-0.375","true","limb","Outer terminal finger-pad curve into grey fill; the sample is not on the joint seam.","4.6816","4.6816","4.6816","2000"
"src/assets/characters/states/government-ai/delivery.png","ee00b7be6269223a88001e7b120090573908eb6b820b7de9ed05cb2e575f5ce0","government-ai","delivery","10","528","998","y","-1","-0.25","false","excluded","Stacked paper corner combines several rims.","3.8806","3.8806","3.8806","2000"
"src/assets/characters/states/government-ai/delivery.png","ee00b7be6269223a88001e7b120090573908eb6b820b7de9ed05cb2e575f5ce0","government-ai","delivery","11","1312","1032","x","-1","-0.125","true","limb","Plain cream thigh edge below the connector cap; the nearby fastener lies inside the shell.","3.9691","4.9614","4.9614","2000"
"src/assets/characters/states/government-ai/delivery.png","ee00b7be6269223a88001e7b120090573908eb6b820b7de9ed05cb2e575f5ce0","government-ai","delivery","12","1033","1068","x","1","-0.375","true","limb","Straight cream thigh edge.","4.6816","4.6816","4.6816","2000"
"src/assets/characters/states/government-ai/delivery.png","ee00b7be6269223a88001e7b120090573908eb6b820b7de9ed05cb2e575f5ce0","government-ai","delivery","13","1305","1404","x","-1","0.375","false","excluded","Knee connector plate and joint rim.","4.6816","4.6816","4.6816","2000"
"src/assets/characters/states/government-ai/delivery.png","ee00b7be6269223a88001e7b120090573908eb6b820b7de9ed05cb2e575f5ce0","government-ai","delivery","14","934","1428","x","1","-0.25","true","limb","Straight cream shin shell edge.","4.8507","4.8507","4.8507","2000"
"src/assets/characters/states/government-ai/delivery.png","ee00b7be6269223a88001e7b120090573908eb6b820b7de9ed05cb2e575f5ce0","government-ai","delivery","15","1339","1512","x","-1","0.375","true","limb","Straight blue shin shell edge with a clear painted interior.","4.6816","4.6816","4.6816","2000"
"src/assets/characters/states/government-ai/delivery.png","ee00b7be6269223a88001e7b120090573908eb6b820b7de9ed05cb2e575f5ce0","government-ai","delivery","16","872","1620","x","1","-1.25","false","excluded","Ankle-block corner.","4.9976","5.6223","5.6223","2000"
"src/assets/characters/states/government-ai/delivery.png","ee00b7be6269223a88001e7b120090573908eb6b820b7de9ed05cb2e575f5ce0","government-ai","delivery","17","1452","1752","x","-1","0.25","true","base","Straight red foot side-panel edge.","4.8507","4.8507","4.8507","2000"
"src/assets/characters/states/government-ai/delivery.png","ee00b7be6269223a88001e7b120090573908eb6b820b7de9ed05cb2e575f5ce0","government-ai","delivery","18","800","1776","x","1","-0.625","true","base","Sloping cream foot housing edge above the panel seam.","5.0880","5.0880","5.0880","2000"
"src/assets/characters/states/government-ai/delivery.png","ee00b7be6269223a88001e7b120090573908eb6b820b7de9ed05cb2e575f5ce0","government-ai","delivery","19","1478","1848","x","-1","0.25","true","base","Long blue heel side-panel edge, away from the sole.","4.8507","4.8507","4.8507","2000"
"src/assets/characters/states/government-ai/delivery.png","ee00b7be6269223a88001e7b120090573908eb6b820b7de9ed05cb2e575f5ce0","government-ai","delivery","20","676","1908","x","1","-0.5","false","excluded","Toe/sole corner into broad dark fill.","6.2610","6.2610","6.2610","2000"
"src/assets/characters/states/government-ai/light-hit.png","5a822bbe49296805844554e5c3a5dac4e26cf58d9e7c4c58c8a7a7ff889aa1cd","government-ai","light-hit","1","1244","48","x","-1","-0.5","true","head","Outer antenna bulb border into red fill, away from the shaft connection.","4.4721","4.4721","4.4721","2000"
"src/assets/characters/states/government-ai/light-hit.png","5a822bbe49296805844554e5c3a5dac4e26cf58d9e7c4c58c8a7a7ff889aa1cd","government-ai","light-hit","2","1151","216","x","-1","-0.375","true","head","Straight antenna shaft border into distinct grey fill, below the collar.","3.7453","3.7453","3.7453","2000"
"src/assets/characters/states/government-ai/light-hit.png","5a822bbe49296805844554e5c3a5dac4e26cf58d9e7c4c58c8a7a7ff889aa1cd","government-ai","light-hit","3","852","242","y","1","-0.375","true","head","Long upper head housing contour into cream paint.","3.7453","3.7453","3.7453","2000"
"src/assets/characters/states/government-ai/light-hit.png","5a822bbe49296805844554e5c3a5dac4e26cf58d9e7c4c58c8a7a7ff889aa1cd","government-ai","light-hit","4","702","324","x","1","-0.5","false","excluded","Head corner and layered top trim.","3.5777","3.5777","3.5777","2000"
"src/assets/characters/states/government-ai/light-hit.png","5a822bbe49296805844554e5c3a5dac4e26cf58d9e7c4c58c8a7a7ff889aa1cd","government-ai","light-hit","5","711","504","x","1","0.875","false","excluded","Side head/ear rim; mechanical plate thickness confounds the outline.","4.5155","4.5155","4.5155","2000"
"src/assets/characters/states/government-ai/light-hit.png","5a822bbe49296805844554e5c3a5dac4e26cf58d9e7c4c58c8a7a7ff889aa1cd","government-ai","light-hit","6","516","545","y","1","-0.25","true","prop","Straight upper paper edge into pale paper fill.","3.8806","3.8806","3.8806","2000"
"src/assets/characters/states/government-ai/light-hit.png","5a822bbe49296805844554e5c3a5dac4e26cf58d9e7c4c58c8a7a7ff889aa1cd","government-ai","light-hit","7","1245","552","x","-1","1","true","limb","Straight exposed upper-arm connector shaft side into grey metal fill; the sample lies between shoulder and collar.","4.2426","4.2426","4.9497","2000"
"src/assets/characters/states/government-ai/light-hit.png","5a822bbe49296805844554e5c3a5dac4e26cf58d9e7c4c58c8a7a7ff889aa1cd","government-ai","light-hit","8","1524","711","y","1","-0.625","false","excluded","Finger knuckle/collar junction and overlapping rims.","4.2400","4.2400","4.2400","2000"
"src/assets/characters/states/government-ai/light-hit.png","5a822bbe49296805844554e5c3a5dac4e26cf58d9e7c4c58c8a7a7ff889aa1cd","government-ai","light-hit","9","1512","880","y","-1","0.125","true","limb","Plain lower palm shell border into cream paint, separated from the neighbouring finger mass.","4.9614","4.9614","4.9614","2000"
"src/assets/characters/states/government-ai/light-hit.png","5a822bbe49296805844554e5c3a5dac4e26cf58d9e7c4c58c8a7a7ff889aa1cd","government-ai","light-hit","10","516","959","y","-1","-0.125","false","excluded","Stacked paper corner; multiple joined lines cause the unusually broad dark run.","11.9073","11.9073","12.8996","2000"
"src/assets/characters/states/government-ai/light-hit.png","5a822bbe49296805844554e5c3a5dac4e26cf58d9e7c4c58c8a7a7ff889aa1cd","government-ai","light-hit","11","1152","1010","y","-1","0","true","body","Smooth lower torso border into cream paint below the internal fastener.","5.0000","5.0000","5.0000","2000"
"src/assets/characters/states/government-ai/light-hit.png","5a822bbe49296805844554e5c3a5dac4e26cf58d9e7c4c58c8a7a7ff889aa1cd","government-ai","light-hit","12","1005","1080","x","1","-0.375","true","limb","Straight cream thigh edge.","4.6816","4.6816","4.6816","2000"
"src/assets/characters/states/government-ai/light-hit.png","5a822bbe49296805844554e5c3a5dac4e26cf58d9e7c4c58c8a7a7ff889aa1cd","government-ai","light-hit","13","1304","1380","x","-1","0.25","false","excluded","Knee connector plate and joint rim.","4.8507","4.8507","4.8507","2000"
"src/assets/characters/states/government-ai/light-hit.png","5a822bbe49296805844554e5c3a5dac4e26cf58d9e7c4c58c8a7a7ff889aa1cd","government-ai","light-hit","14","924","1416","x","1","-0.125","true","limb","Straight cream shin shell edge below its connector.","3.9691","3.9691","3.9691","2000"
"src/assets/characters/states/government-ai/light-hit.png","5a822bbe49296805844554e5c3a5dac4e26cf58d9e7c4c58c8a7a7ff889aa1cd","government-ai","light-hit","15","1329","1464","x","-1","0.25","true","limb","Straight blue shin shell edge.","4.8507","4.8507","4.8507","2000"
"src/assets/characters/states/government-ai/light-hit.png","5a822bbe49296805844554e5c3a5dac4e26cf58d9e7c4c58c8a7a7ff889aa1cd","government-ai","light-hit","16","914","1476","x","1","-0.125","true","limb","Straight cream shin shell edge farther down the leg.","3.9691","3.9691","3.9691","2000"
"src/assets/characters/states/government-ai/light-hit.png","5a822bbe49296805844554e5c3a5dac4e26cf58d9e7c4c58c8a7a7ff889aa1cd","government-ai","light-hit","17","793","1776","x","1","-0.625","true","base","Sloping cream foot housing edge above the panel seam.","5.0880","5.0880","5.0880","2000"
"src/assets/characters/states/government-ai/light-hit.png","5a822bbe49296805844554e5c3a5dac4e26cf58d9e7c4c58c8a7a7ff889aa1cd","government-ai","light-hit","18","1467","1824","x","-1","0.25","true","base","Blue heel side-panel edge away from the sole and fastener centres.","4.8507","4.8507","4.8507","2000"
"src/assets/characters/states/government-ai/light-hit.png","5a822bbe49296805844554e5c3a5dac4e26cf58d9e7c4c58c8a7a7ff889aa1cd","government-ai","light-hit","19","679","1908","x","1","-0.75","false","excluded","Toe/sole corner.","4.8000","4.8000","4.8000","2000"
"src/assets/characters/states/government-ai/light-hit.png","5a822bbe49296805844554e5c3a5dac4e26cf58d9e7c4c58c8a7a7ff889aa1cd","government-ai","light-hit","20","1068","1938","y","-1","-0.625","false","excluded","Sole corner and broad dark base fill.","5.0880","5.0880","5.0880","2000"
"src/assets/characters/states/government-ai/heavy-hit.png","1c11c92f33e93866b9505a092cc22426b8d76004cc57c0f41eeae01d955bd53a","government-ai","heavy-hit","1","1217","60","x","-1","-0.25","true","head","Outer antenna bulb border into red fill.","3.8806","3.8806","3.8806","2000"
"src/assets/characters/states/government-ai/heavy-hit.png","1c11c92f33e93866b9505a092cc22426b8d76004cc57c0f41eeae01d955bd53a","government-ai","heavy-hit","2","1126","216","x","-1","-0.375","true","head","Straight antenna shaft border into visible grey metal fill, away from the collar.","2.8090","3.7453","3.7453","2000"
"src/assets/characters/states/government-ai/heavy-hit.png","1c11c92f33e93866b9505a092cc22426b8d76004cc57c0f41eeae01d955bd53a","government-ai","heavy-hit","3","864","260","y","1","-0.5","true","head","Plain upper head housing contour into cream paint.","2.6833","2.6833","2.6833","2000"
"src/assets/characters/states/government-ai/heavy-hit.png","1c11c92f33e93866b9505a092cc22426b8d76004cc57c0f41eeae01d955bd53a","government-ai","heavy-hit","4","675","360","x","1","-0.5","false","excluded","Head corner and layered trim.","3.5777","5.3666","5.3666","2000"
"src/assets/characters/states/government-ai/heavy-hit.png","1c11c92f33e93866b9505a092cc22426b8d76004cc57c0f41eeae01d955bd53a","government-ai","heavy-hit","5","803","576","x","1","0.625","false","excluded","Lower head corner and nearby fastener/trim junction.","4.2400","4.2400","4.2400","2000"
"src/assets/characters/states/government-ai/heavy-hit.png","1c11c92f33e93866b9505a092cc22426b8d76004cc57c0f41eeae01d955bd53a","government-ai","heavy-hit","6","480","607","y","1","-0.25","true","prop","Straight upper paper edge into pale fill.","3.8806","3.8806","3.8806","2000"
"src/assets/characters/states/government-ai/heavy-hit.png","1c11c92f33e93866b9505a092cc22426b8d76004cc57c0f41eeae01d955bd53a","government-ai","heavy-hit","7","1265","612","x","-1","0.375","false","excluded","Shoulder rim meets the dark connector; the broad black area is structural.","8.4270","9.3633","9.3633","2000"
"src/assets/characters/states/government-ai/heavy-hit.png","1c11c92f33e93866b9505a092cc22426b8d76004cc57c0f41eeae01d955bd53a","government-ai","heavy-hit","8","1448","768","x","-1","1.125","false","excluded","Elbow wheel rim and joint housing.","3.9862","3.9862","3.9862","2000"
"src/assets/characters/states/government-ai/heavy-hit.png","1c11c92f33e93866b9505a092cc22426b8d76004cc57c0f41eeae01d955bd53a","government-ai","heavy-hit","9","504","1019","y","-1","-0.25","false","excluded","Stacked-paper bottom corner and parallel rims.","3.8806","3.8806","3.8806","2000"
"src/assets/characters/states/government-ai/heavy-hit.png","1c11c92f33e93866b9505a092cc22426b8d76004cc57c0f41eeae01d955bd53a","government-ai","heavy-hit","10","1623","1092","x","-1","-0.25","true","limb","Outer terminal finger-pad side into grey fill, below its joint.","3.8806","3.8806","3.8806","2000"
"src/assets/characters/states/government-ai/heavy-hit.png","1c11c92f33e93866b9505a092cc22426b8d76004cc57c0f41eeae01d955bd53a","government-ai","heavy-hit","11","1140","1123","y","-1","-1","true","limb","Straight blue thigh-shell edge below the upper connector corner.","4.9497","4.9497","4.9497","2000"
"src/assets/characters/states/government-ai/heavy-hit.png","1c11c92f33e93866b9505a092cc22426b8d76004cc57c0f41eeae01d955bd53a","government-ai","heavy-hit","12","1000","1140","x","1","-0.875","true","limb","Straight cream thigh shell edge.","3.7629","4.5155","4.5155","2000"
"src/assets/characters/states/government-ai/heavy-hit.png","1c11c92f33e93866b9505a092cc22426b8d76004cc57c0f41eeae01d955bd53a","government-ai","heavy-hit","13","1296","1368","x","-1","0.875","false","excluded","Knee wheel rim.","3.7629","3.7629","3.7629","2000"
"src/assets/characters/states/government-ai/heavy-hit.png","1c11c92f33e93866b9505a092cc22426b8d76004cc57c0f41eeae01d955bd53a","government-ai","heavy-hit","14","829","1416","x","1","-0.25","true","limb","Straight cream shin shell edge.","3.8806","3.8806","3.8806","2000"
"src/assets/characters/states/government-ai/heavy-hit.png","1c11c92f33e93866b9505a092cc22426b8d76004cc57c0f41eeae01d955bd53a","government-ai","heavy-hit","15","792","1524","x","1","-0.375","true","limb","Straight cream shin shell edge farther down the same leg.","4.6816","4.6816","4.6816","2000"
"src/assets/characters/states/government-ai/heavy-hit.png","1c11c92f33e93866b9505a092cc22426b8d76004cc57c0f41eeae01d955bd53a","government-ai","heavy-hit","16","1402","1536","x","-1","0.75","true","limb","Straight blue shin shell edge.","4.0000","4.0000","4.8000","2000"
"src/assets/characters/states/government-ai/heavy-hit.png","1c11c92f33e93866b9505a092cc22426b8d76004cc57c0f41eeae01d955bd53a","government-ai","heavy-hit","17","1455","1620","x","-1","0.625","false","excluded","Overlapping shin side-panel/rim and shadow near the ankle; not a single plain contour.","7.6320","7.6320","7.6320","2000"
"src/assets/characters/states/government-ai/heavy-hit.png","1c11c92f33e93866b9505a092cc22426b8d76004cc57c0f41eeae01d955bd53a","government-ai","heavy-hit","18","1589","1800","x","-1","0.25","true","base","Red foot side-panel border; the sampled outer edge is separate from the interior fastener.","4.8507","4.8507","4.8507","2000"
"src/assets/characters/states/government-ai/heavy-hit.png","1c11c92f33e93866b9505a092cc22426b8d76004cc57c0f41eeae01d955bd53a","government-ai","heavy-hit","19","560","1836","x","1","-0.375","false","excluded","Toe corner and panel seam.","3.7453","3.7453","3.7453","2000"
"src/assets/characters/states/government-ai/heavy-hit.png","1c11c92f33e93866b9505a092cc22426b8d76004cc57c0f41eeae01d955bd53a","government-ai","heavy-hit","20","792","1960","y","-1","-0.25","false","excluded","Sole edge into broad dark structural fill.","4.8507","4.8507","4.8507","2000"
"src/assets/characters/states/government-ai/weakness.png","17e4d852a1c25f6ea1ae84510a88a11c68467eadbfde087f44a9b191a0a8eeae","government-ai","weakness","1","1188","168","x","-1","-0.25","true","head","Straight antenna shaft exterior into distinct grey metal fill between collars.","3.8806","3.8806","3.8806","2000"
"src/assets/characters/states/government-ai/weakness.png","17e4d852a1c25f6ea1ae84510a88a11c68467eadbfde087f44a9b191a0a8eeae","government-ai","weakness","2","948","221","y","1","-0.25","true","head","Plain top head housing edge into cream paint.","3.8806","3.8806","3.8806","2000"
"src/assets/characters/states/government-ai/weakness.png","17e4d852a1c25f6ea1ae84510a88a11c68467eadbfde087f44a9b191a0a8eeae","government-ai","weakness","3","1170","228","x","-1","-0.375","true","head","Straight antenna shaft exterior lower on the same exposed segment, away from the collar.","2.8090","2.8090","3.7453","2000"
"src/assets/characters/states/government-ai/weakness.png","17e4d852a1c25f6ea1ae84510a88a11c68467eadbfde087f44a9b191a0a8eeae","government-ai","weakness","4","756","269","y","1","-0.5","false","excluded","Top-head handle and layered rim.","3.5777","3.5777","3.5777","2000"
"src/assets/characters/states/government-ai/weakness.png","17e4d852a1c25f6ea1ae84510a88a11c68467eadbfde087f44a9b191a0a8eeae","government-ai","weakness","5","824","540","x","1","1","false","excluded","Lower head corner and fastener/trim junction.","3.5355","3.5355","3.5355","2000"
"src/assets/characters/states/government-ai/weakness.png","17e4d852a1c25f6ea1ae84510a88a11c68467eadbfde087f44a9b191a0a8eeae","government-ai","weakness","6","1213","600","x","-1","0.375","true","limb","Straight upper-arm connector shaft exterior into visible grey metal fill, between shoulder and collar.","3.7453","4.6816","5.6180","2000"
"src/assets/characters/states/government-ai/weakness.png","17e4d852a1c25f6ea1ae84510a88a11c68467eadbfde087f44a9b191a0a8eeae","government-ai","weakness","7","710","648","x","1","0.5","false","excluded","Offset stacked-paper side corner with more than one rim.","4.4721","4.4721","4.4721","2000"
"src/assets/characters/states/government-ai/weakness.png","17e4d852a1c25f6ea1ae84510a88a11c68467eadbfde087f44a9b191a0a8eeae","government-ai","weakness","8","1249","672","x","-1","0.375","true","limb","Plain upper-arm cream shell border.","4.6816","4.6816","4.6816","2000"
"src/assets/characters/states/government-ai/weakness.png","17e4d852a1c25f6ea1ae84510a88a11c68467eadbfde087f44a9b191a0a8eeae","government-ai","weakness","9","820","948","x","1","0.875","true","limb","Straight forearm shell border into cream paint below the wrist.","5.2680","5.2680","5.2680","2000"
"src/assets/characters/states/government-ai/weakness.png","17e4d852a1c25f6ea1ae84510a88a11c68467eadbfde087f44a9b191a0a8eeae","government-ai","weakness","10","1261","972","x","-1","0.125","false","excluded","Hip wheel rim.","3.9691","3.9691","3.9691","2000"
"src/assets/characters/states/government-ai/weakness.png","17e4d852a1c25f6ea1ae84510a88a11c68467eadbfde087f44a9b191a0a8eeae","government-ai","weakness","11","1002","1020","x","1","-0.25","false","excluded","Hip joint side and overlapping mechanical fill.","3.8806","3.8806","4.8507","2000"
"src/assets/characters/states/government-ai/weakness.png","17e4d852a1c25f6ea1ae84510a88a11c68467eadbfde087f44a9b191a0a8eeae","government-ai","weakness","12","1260","1044","x","-1","0.875","false","excluded","Upper thigh connector cap.","4.5155","4.5155","4.5155","2000"
"src/assets/characters/states/government-ai/weakness.png","17e4d852a1c25f6ea1ae84510a88a11c68467eadbfde087f44a9b191a0a8eeae","government-ai","weakness","13","824","1356","x","1","0.125","false","excluded","Knee wheel side and double rim.","4.9614","4.9614","4.9614","2000"
"src/assets/characters/states/government-ai/weakness.png","17e4d852a1c25f6ea1ae84510a88a11c68467eadbfde087f44a9b191a0a8eeae","government-ai","weakness","14","1194","1380","x","-1","0.5","false","excluded","Knee wheel rim at its connector junction; the broad run is not a plain outline.","8.0498","8.0498","8.0498","2000"
"src/assets/characters/states/government-ai/weakness.png","17e4d852a1c25f6ea1ae84510a88a11c68467eadbfde087f44a9b191a0a8eeae","government-ai","weakness","15","846","1416","x","1","0","true","limb","Straight cream shin shell edge below the dark connector.","5.0000","5.0000","5.0000","2000"
"src/assets/characters/states/government-ai/weakness.png","17e4d852a1c25f6ea1ae84510a88a11c68467eadbfde087f44a9b191a0a8eeae","government-ai","weakness","16","1277","1476","x","-1","0.5","true","limb","Straight blue shin shell edge.","5.3666","5.3666","5.3666","2000"
"src/assets/characters/states/government-ai/weakness.png","17e4d852a1c25f6ea1ae84510a88a11c68467eadbfde087f44a9b191a0a8eeae","government-ai","weakness","17","725","1788","x","1","-1.125","false","excluded","Foot top/ankle seam corner junction.","5.3149","5.9793","6.6436","2000"
"src/assets/characters/states/government-ai/weakness.png","17e4d852a1c25f6ea1ae84510a88a11c68467eadbfde087f44a9b191a0a8eeae","government-ai","weakness","18","1448","1800","x","-1","0.625","false","excluded","Heel upper corner and overlapping red/blue side panels.","4.2400","5.0880","5.0880","2000"
"src/assets/characters/states/government-ai/weakness.png","17e4d852a1c25f6ea1ae84510a88a11c68467eadbfde087f44a9b191a0a8eeae","government-ai","weakness","19","984","1941","y","-1","-0.125","false","excluded","Sole corner and broad dark base fill.","3.9691","3.9691","3.9691","2000"
"src/assets/characters/states/government-ai/weakness.png","17e4d852a1c25f6ea1ae84510a88a11c68467eadbfde087f44a9b191a0a8eeae","government-ai","weakness","20","1152","2004","y","-1","0.125","false","excluded","Sole underside into a broad dark base fill.","4.9614","5.9537","5.9537","2000"
"src/assets/characters/government-ai--alternate.png","40aa12acc9d24a1f0338b8b0b11f7a8aa9bdfb59d1f4b721ee2e5e705ec7e8a3","government-ai--alternate","selection","1","924","79","y","1","-0.125","true","head","Straight top head perimeter: dark external ink separates from the blue casing fill.","2.9768","3.9691","3.9691","1936"
"src/assets/characters/government-ai--alternate.png","40aa12acc9d24a1f0338b8b0b11f7a8aa9bdfb59d1f4b721ee2e5e705ec7e8a3","government-ai--alternate","selection","2","1149","84","x","-1","0.625","false","excluded","Head polygon corner; local curvature and converging edges confound one straight stroke width.","4.2400","4.2400","4.2400","1936"
"src/assets/characters/government-ai--alternate.png","40aa12acc9d24a1f0338b8b0b11f7a8aa9bdfb59d1f4b721ee2e5e705ec7e8a3","government-ai--alternate","selection","3","767","240","x","1","-0.625","false","excluded","Ear housing transition: dark mechanical shapes and overlapping rims merge with the outside edge.","5.0880","5.0880","5.0880","1936"
"src/assets/characters/government-ai--alternate.png","40aa12acc9d24a1f0338b8b0b11f7a8aa9bdfb59d1f4b721ee2e5e705ec7e8a3","government-ai--alternate","selection","4","1248","264","x","-1","0.25","false","excluded","Head side corner beside the screw; corner geometry can widen the dark run.","4.8507","4.8507","4.8507","1936"
"src/assets/characters/government-ai--alternate.png","40aa12acc9d24a1f0338b8b0b11f7a8aa9bdfb59d1f4b721ee2e5e705ec7e8a3","government-ai--alternate","selection","5","1229","312","x","-1","-0.5","true","head","Straight lower-right head slope away from the corner and screw: ink enters distinct blue casing.","4.4721","4.4721","5.3666","1936"
"src/assets/characters/government-ai--alternate.png","40aa12acc9d24a1f0338b8b0b11f7a8aa9bdfb59d1f4b721ee2e5e705ec7e8a3","government-ai--alternate","selection","6","744","472","y","1","-0.125","true","body","Top silver torso boundary is locally straight at the marker, with a separate inner seam below it.","2.9768","3.9691","3.9691","1936"
"src/assets/characters/government-ai--alternate.png","40aa12acc9d24a1f0338b8b0b11f7a8aa9bdfb59d1f4b721ee2e5e705ec7e8a3","government-ai--alternate","selection","7","1860","543","y","1","0.25","false","excluded","Layered book binding/rim; the black band is not an isolated silhouette ink stroke.","1.9403","1.9403","1.9403","1936"
"src/assets/characters/government-ai--alternate.png","40aa12acc9d24a1f0338b8b0b11f7a8aa9bdfb59d1f4b721ee2e5e705ec7e8a3","government-ai--alternate","selection","8","1344","611","y","1","1.125","true","limb","Silver shoulder slope before the rounded bend; single external stroke enters a light panel.","3.3218","3.9862","4.6505","1936"
"src/assets/characters/government-ai--alternate.png","40aa12acc9d24a1f0338b8b0b11f7a8aa9bdfb59d1f4b721ee2e5e705ec7e8a3","government-ai--alternate","selection","9","486","648","x","1","0.5","false","excluded","Shoulder-cap edge meets the dark arm joint at this point; contour and joint mass cannot be separated.","4.4721","4.4721","4.4721","1936"
"src/assets/characters/government-ai--alternate.png","40aa12acc9d24a1f0338b8b0b11f7a8aa9bdfb59d1f4b721ee2e5e705ec7e8a3","government-ai--alternate","selection","10","1734","1008","x","-1","-0.25","false","excluded","Wrist cuff has a double rim and mechanical shadow adjacent to the sampled run.","4.8507","4.8507","4.8507","1936"
"src/assets/characters/government-ai--alternate.png","40aa12acc9d24a1f0338b8b0b11f7a8aa9bdfb59d1f4b721ee2e5e705ec7e8a3","government-ai--alternate","selection","11","463","1080","x","1","1.375","true","limb","Exposed underside of silver forearm; a single outer ink band separates from gray fill.","4.7054","4.7054","4.7054","1936"
"src/assets/characters/government-ai--alternate.png","40aa12acc9d24a1f0338b8b0b11f7a8aa9bdfb59d1f4b721ee2e5e705ec7e8a3","government-ai--alternate","selection","12","668","1116","x","1","-0.125","true","body","Straight torso side below the wrist overlap; external ink enters silver side-panel fill.","3.9691","4.9614","4.9614","1936"
"src/assets/characters/government-ai--alternate.png","40aa12acc9d24a1f0338b8b0b11f7a8aa9bdfb59d1f4b721ee2e5e705ec7e8a3","government-ai--alternate","selection","13","1287","1116","x","-1","0.125","true","body","Long right silver torso edge; single boundary without joint or prop overlap.","3.9691","3.9691","3.9691","1936"
"src/assets/characters/government-ai--alternate.png","40aa12acc9d24a1f0338b8b0b11f7a8aa9bdfb59d1f4b721ee2e5e705ec7e8a3","government-ai--alternate","selection","14","622","1356","x","1","-0.25","true","body","Long left silver torso edge; dark line separates clearly from the gray panel.","3.8806","3.8806","3.8806","1936"
"src/assets/characters/government-ai--alternate.png","40aa12acc9d24a1f0338b8b0b11f7a8aa9bdfb59d1f4b721ee2e5e705ec7e8a3","government-ai--alternate","selection","15","607","1428","x","1","-0.25","true","body","Lower left silver torso edge; single external band with distinct panel fill.","4.8507","4.8507","4.8507","1936"
"src/assets/characters/government-ai--alternate.png","40aa12acc9d24a1f0338b8b0b11f7a8aa9bdfb59d1f4b721ee2e5e705ec7e8a3","government-ai--alternate","selection","16","1333","1428","x","-1","0.25","true","body","Lower right silver torso edge; continuous exterior ink beside light fill.","4.8507","4.8507","4.8507","1936"
"src/assets/characters/government-ai--alternate.png","40aa12acc9d24a1f0338b8b0b11f7a8aa9bdfb59d1f4b721ee2e5e705ec7e8a3","government-ai--alternate","selection","17","1524","1608","x","-1","0.75","true","base","Sloping silver wheel-cover edge after the upper facet joint; single contour into light metal.","4.0000","4.0000","4.0000","1936"
"src/assets/characters/government-ai--alternate.png","40aa12acc9d24a1f0338b8b0b11f7a8aa9bdfb59d1f4b721ee2e5e705ec7e8a3","government-ai--alternate","selection","18","388","1644","x","1","-0.125","false","excluded","Wheel-cover corner at the change from sloping to vertical edge.","3.9691","3.9691","3.9691","1936"
"src/assets/characters/government-ai--alternate.png","40aa12acc9d24a1f0338b8b0b11f7a8aa9bdfb59d1f4b721ee2e5e705ec7e8a3","government-ai--alternate","selection","19","1558","1692","x","-1","-0.125","false","excluded","Narrow wheel-cover rim next to tire mass; separate border and rim thickness are ambiguous.","3.9691","3.9691","3.9691","1936"
"src/assets/characters/government-ai--alternate.png","40aa12acc9d24a1f0338b8b0b11f7a8aa9bdfb59d1f4b721ee2e5e705ec7e8a3","government-ai--alternate","selection","20","1248","1786","y","-1","-0.5","false","excluded","Rounded dark wheel/base bracket near a junction; dark fill and outer ink are not independently clear.","4.4721","5.3666","5.3666","1936"
"src/assets/characters/states/government-ai--alternate/thinking.png","6edd339779fac6f71254552d21c56389b2f7dd0363585bb3e51d128dc6546a07","government-ai--alternate","thinking","1","924","73","y","1","-0.25","true","head","Straight upper head perimeter, with dark outer ink clearly entering blue casing.","4.8507","4.8507","4.8507","1936"
"src/assets/characters/states/government-ai--alternate/thinking.png","6edd339779fac6f71254552d21c56389b2f7dd0363585bb3e51d128dc6546a07","government-ai--alternate","thinking","2","1206","228","x","-1","-0.25","false","excluded","Head side corner beside a screw; local turn confounds the perpendicular stroke estimate.","5.8209","5.8209","5.8209","1936"
"src/assets/characters/states/government-ai--alternate/thinking.png","6edd339779fac6f71254552d21c56389b2f7dd0363585bb3e51d128dc6546a07","government-ai--alternate","thinking","3","743","264","x","1","-0.5","false","excluded","Ear housing transition with dark fill and nested mechanical outlines.","5.3666","5.3666","5.3666","1936"
"src/assets/characters/states/government-ai--alternate/thinking.png","6edd339779fac6f71254552d21c56389b2f7dd0363585bb3e51d128dc6546a07","government-ai--alternate","thinking","4","1191","276","x","-1","-0.25","true","head","Long head side away from corners; one dark band before distinct blue fill.","4.8507","4.8507","4.8507","1936"
"src/assets/characters/states/government-ai--alternate/thinking.png","6edd339779fac6f71254552d21c56389b2f7dd0363585bb3e51d128dc6546a07","government-ai--alternate","thinking","5","813","444","x","1","-0.875","false","excluded","Neck-collar rise and overlapping rim; material thickness and contour are mixed.","5.2680","5.2680","5.2680","1936"
"src/assets/characters/states/government-ai--alternate/thinking.png","6edd339779fac6f71254552d21c56389b2f7dd0363585bb3e51d128dc6546a07","government-ai--alternate","thinking","6","1800","556","y","1","0.375","false","excluded","Layered book binding with parallel rim lines; not isolated exterior ink.","2.8090","2.8090","2.8090","1936"
"src/assets/characters/states/government-ai--alternate/thinking.png","6edd339779fac6f71254552d21c56389b2f7dd0363585bb3e51d128dc6546a07","government-ai--alternate","thinking","7","1332","610","y","1","1.25","true","limb","Silver shoulder slope above the bend; single ink line enters light panel fill.","5.6223","5.6223","5.6223","1936"
"src/assets/characters/states/government-ai--alternate/thinking.png","6edd339779fac6f71254552d21c56389b2f7dd0363585bb3e51d128dc6546a07","government-ai--alternate","thinking","8","534","636","x","1","0.125","true","limb","Shoulder shell exterior below its upper bend, with a clear gray panel inside the line.","4.9614","4.9614","4.9614","1936"
"src/assets/characters/states/government-ai--alternate/thinking.png","6edd339779fac6f71254552d21c56389b2f7dd0363585bb3e51d128dc6546a07","government-ai--alternate","thinking","9","704","1008","x","1","0.125","true","body","Straight navy torso side: black exterior band and blue panel remain distinguishable.","5.9537","5.9537","5.9537","1936"
"src/assets/characters/states/government-ai--alternate/thinking.png","6edd339779fac6f71254552d21c56389b2f7dd0363585bb3e51d128dc6546a07","government-ai--alternate","thinking","10","1707","1020","x","-1","-0.25","false","excluded","Wrist cuff double rim and adjoining hand shadow.","4.8507","4.8507","5.8209","1936"
"src/assets/characters/states/government-ai--alternate/thinking.png","6edd339779fac6f71254552d21c56389b2f7dd0363585bb3e51d128dc6546a07","government-ai--alternate","thinking","11","711","1068","x","1","-0.25","false","excluded","Torso side seam junction; the internal diagonal merges into the exterior band.","7.7611","7.7611","7.7611","1936"
"src/assets/characters/states/government-ai--alternate/thinking.png","6edd339779fac6f71254552d21c56389b2f7dd0363585bb3e51d128dc6546a07","government-ai--alternate","thinking","12","1282","1128","x","-1","0.125","true","body","Long right silver torso edge, away from the prop drawer and arm overlap.","4.9614","4.9614","4.9614","1936"
"src/assets/characters/states/government-ai--alternate/thinking.png","6edd339779fac6f71254552d21c56389b2f7dd0363585bb3e51d128dc6546a07","government-ai--alternate","thinking","13","1316","1356","x","-1","0.125","true","body","Lower right silver torso boundary; single dark stroke into light fill.","4.9614","4.9614","4.9614","1936"
"src/assets/characters/states/government-ai--alternate/thinking.png","6edd339779fac6f71254552d21c56389b2f7dd0363585bb3e51d128dc6546a07","government-ai--alternate","thinking","14","626","1428","x","1","-0.125","true","body","Lower left silver torso edge; clean ink-to-gray transition.","4.9614","5.9537","5.9537","1936"
"src/assets/characters/states/government-ai--alternate/thinking.png","6edd339779fac6f71254552d21c56389b2f7dd0363585bb3e51d128dc6546a07","government-ai--alternate","thinking","15","1327","1428","x","-1","0.25","true","body","Right lower torso edge; continuous stroke into silver panel.","4.8507","4.8507","4.8507","1936"
"src/assets/characters/states/government-ai--alternate/thinking.png","6edd339779fac6f71254552d21c56389b2f7dd0363585bb3e51d128dc6546a07","government-ai--alternate","thinking","16","1521","1608","x","-1","0.875","true","base","Sloping wheel-cover metal boundary away from the upper facet junction.","4.5155","4.5155","4.5155","1936"
"src/assets/characters/states/government-ai--alternate/thinking.png","6edd339779fac6f71254552d21c56389b2f7dd0363585bb3e51d128dc6546a07","government-ai--alternate","thinking","17","1557","1692","x","-1","0","false","excluded","Narrow wheel-cover rim beside dark tire mass; not a clear isolated ink band.","4.0000","5.0000","5.0000","1936"
"src/assets/characters/states/government-ai--alternate/thinking.png","6edd339779fac6f71254552d21c56389b2f7dd0363585bb3e51d128dc6546a07","government-ai--alternate","thinking","18","1260","1788","y","-1","-0.875","false","excluded","Rounded dark wheel/base bracket at a joining line; fill and ink are ambiguous.","5.2680","5.2680","5.2680","1936"
"src/assets/characters/states/government-ai--alternate/thinking.png","6edd339779fac6f71254552d21c56389b2f7dd0363585bb3e51d128dc6546a07","government-ai--alternate","thinking","19","984","1828","y","-1","-0.125","true","base","Straight lower blue chassis edge; exterior ink is separate from the blue fill and wheel arch.","5.9537","5.9537","5.9537","1936"
"src/assets/characters/states/government-ai--alternate/thinking.png","6edd339779fac6f71254552d21c56389b2f7dd0363585bb3e51d128dc6546a07","government-ai--alternate","thinking","20","702","1896","x","1","0.25","false","excluded","Wheel hub/tire rim; dark mechanical ring is not an outline sample.","4.8507","4.8507","5.8209","1936"
"src/assets/characters/states/government-ai--alternate/delivery.png","7008fd51be483e7fd1e483038723087f8a6626a2263c270b7e7f7cca06e3d2b7","government-ai--alternate","delivery","1","775","204","x","1","-0.625","false","excluded","Head slope immediately meets the ear housing line; overlapping geometry makes it an unsafe head-only sample.","5.0880","5.0880","5.9360","1936"
"src/assets/characters/states/government-ai--alternate/delivery.png","7008fd51be483e7fd1e483038723087f8a6626a2263c270b7e7f7cca06e3d2b7","government-ai--alternate","delivery","2","1253","240","x","-1","0.5","false","excluded","Head polygon side corner; converging edges alter the apparent width.","5.3666","5.3666","5.3666","1936"
"src/assets/characters/states/government-ai--alternate/delivery.png","7008fd51be483e7fd1e483038723087f8a6626a2263c270b7e7f7cca06e3d2b7","government-ai--alternate","delivery","3","1240","288","x","-1","-0.5","true","head","Lower-right head slope away from the corner: continuous ink into distinct blue casing.","5.3666","5.3666","5.3666","1936"
"src/assets/characters/states/government-ai--alternate/delivery.png","7008fd51be483e7fd1e483038723087f8a6626a2263c270b7e7f7cca06e3d2b7","government-ai--alternate","delivery","4","750","312","x","1","0.25","false","excluded","Ear-disc rim and dark housing fill, not isolated silhouette ink.","4.8507","4.8507","4.8507","1936"
"src/assets/characters/states/government-ai--alternate/delivery.png","7008fd51be483e7fd1e483038723087f8a6626a2263c270b7e7f7cca06e3d2b7","government-ai--alternate","delivery","5","802","444","x","1","-0.875","false","excluded","Neck collar has overlapping dark rims and a raised material edge.","5.2680","5.2680","5.2680","1936"
"src/assets/characters/states/government-ai--alternate/delivery.png","7008fd51be483e7fd1e483038723087f8a6626a2263c270b7e7f7cca06e3d2b7","government-ai--alternate","delivery","6","1776","525","y","1","0.25","false","excluded","Book binding carries multiple edge bands rather than a single contour.","1.9403","1.9403","2.9104","1936"
"src/assets/characters/states/government-ai--alternate/delivery.png","7008fd51be483e7fd1e483038723087f8a6626a2263c270b7e7f7cca06e3d2b7","government-ai--alternate","delivery","7","1332","591","y","1","1.125","true","limb","Sloping silver shoulder contour before its bend; one outer line into light fill.","5.3149","5.3149","5.3149","1936"
"src/assets/characters/states/government-ai--alternate/delivery.png","7008fd51be483e7fd1e483038723087f8a6626a2263c270b7e7f7cca06e3d2b7","government-ai--alternate","delivery","8","276","672","y","1","1.25","true","limb","Smooth exposed thumb-tip arc; black ink is separable from the blue finger surface, away from its joint.","4.9976","4.9976","4.9976","1936"
"src/assets/characters/states/government-ai--alternate/delivery.png","7008fd51be483e7fd1e483038723087f8a6626a2263c270b7e7f7cca06e3d2b7","government-ai--alternate","delivery","9","348","1020","y","-1","0.375","true","limb","Straight exposed forearm underside; single dark boundary enters gray metal.","4.6816","5.6180","5.6180","1936"
"src/assets/characters/states/government-ai--alternate/delivery.png","7008fd51be483e7fd1e483038723087f8a6626a2263c270b7e7f7cca06e3d2b7","government-ai--alternate","delivery","10","1716","1020","x","-1","-0.875","false","excluded","Wrist cuff contains a double rim and nearby dark hand mass.","5.2680","5.2680","5.2680","1936"
"src/assets/characters/states/government-ai--alternate/delivery.png","7008fd51be483e7fd1e483038723087f8a6626a2263c270b7e7f7cca06e3d2b7","government-ai--alternate","delivery","11","704","1080","x","1","-0.25","true","body","Short straight silver side-panel edge below the body-panel junction; ink enters distinct gray fill.","4.8507","4.8507","4.8507","1936"
"src/assets/characters/states/government-ai--alternate/delivery.png","7008fd51be483e7fd1e483038723087f8a6626a2263c270b7e7f7cca06e3d2b7","government-ai--alternate","delivery","12","1287","1116","x","-1","0.25","true","body","Long right silver torso edge below the prop drawer.","4.8507","4.8507","4.8507","1936"
"src/assets/characters/states/government-ai--alternate/delivery.png","7008fd51be483e7fd1e483038723087f8a6626a2263c270b7e7f7cca06e3d2b7","government-ai--alternate","delivery","13","635","1380","x","1","-0.25","true","body","Left silver torso flank; one external band before gray panel fill.","5.8209","5.8209","5.8209","1936"
"src/assets/characters/states/government-ai--alternate/delivery.png","7008fd51be483e7fd1e483038723087f8a6626a2263c270b7e7f7cca06e3d2b7","government-ai--alternate","delivery","14","1332","1416","x","-1","0.125","true","body","Right lower silver torso flank; clean contour-to-fill transition.","4.9614","4.9614","4.9614","1936"
"src/assets/characters/states/government-ai--alternate/delivery.png","7008fd51be483e7fd1e483038723087f8a6626a2263c270b7e7f7cca06e3d2b7","government-ai--alternate","delivery","15","430","1608","x","1","-1","true","base","Left wheel-cover sloping silver exterior, away from the upper panel junction.","5.6569","5.6569","5.6569","1936"
"src/assets/characters/states/government-ai--alternate/delivery.png","7008fd51be483e7fd1e483038723087f8a6626a2263c270b7e7f7cca06e3d2b7","government-ai--alternate","delivery","16","1529","1608","x","-1","1","true","base","Right wheel-cover sloping silver exterior; single ink band into light metal.","4.9497","4.9497","4.9497","1936"
"src/assets/characters/states/government-ai--alternate/delivery.png","7008fd51be483e7fd1e483038723087f8a6626a2263c270b7e7f7cca06e3d2b7","government-ai--alternate","delivery","17","384","1680","x","1","0","true","base","Vertical left wheel-cover exterior below its corner; a distinct silver panel separates ink from the interior cutout.","6.0000","6.0000","6.0000","1936"
"src/assets/characters/states/government-ai--alternate/delivery.png","7008fd51be483e7fd1e483038723087f8a6626a2263c270b7e7f7cca06e3d2b7","government-ai--alternate","delivery","18","1574","1716","x","-1","0.125","false","excluded","Narrow wheel-cover rim beside the tire; rim thickness can be mistaken for ink.","4.9614","4.9614","4.9614","1936"
"src/assets/characters/states/government-ai--alternate/delivery.png","7008fd51be483e7fd1e483038723087f8a6626a2263c270b7e7f7cca06e3d2b7","government-ai--alternate","delivery","19","1260","1801","y","-1","-0.75","false","excluded","Rounded blue base bracket at a junction; black fill and contour merge.","6.4000","6.4000","6.4000","1936"
"src/assets/characters/states/government-ai--alternate/delivery.png","7008fd51be483e7fd1e483038723087f8a6626a2263c270b7e7f7cca06e3d2b7","government-ai--alternate","delivery","20","691","1896","x","1","0.125","false","excluded","Wheel hub/tire ring; mechanical dark mass is excluded.","5.9537","5.9537","5.9537","1936"
"src/assets/characters/states/government-ai--alternate/light-hit.png","460465ab7b4d5f89a6a8e26a12fcb5834c8ccb65bf20f7cf5a1b5e975852d388","government-ai--alternate","light-hit","1","600","276","x","1","-0.375","false","excluded","Head-to-ear housing transition; the nearby dark mechanical join can inflate the run.","5.6180","6.5543","6.5543","1936"
"src/assets/characters/states/government-ai--alternate/light-hit.png","460465ab7b4d5f89a6a8e26a12fcb5834c8ccb65bf20f7cf5a1b5e975852d388","government-ai--alternate","light-hit","2","1048","288","x","-1","-0.25","true","head","Straight head side away from its corners and screw; dark exterior enters blue casing.","5.8209","5.8209","5.8209","1936"
"src/assets/characters/states/government-ai--alternate/light-hit.png","460465ab7b4d5f89a6a8e26a12fcb5834c8ccb65bf20f7cf5a1b5e975852d388","government-ai--alternate","light-hit","3","1716","431","y","1","0.125","false","excluded","Book binding corner; both a corner and a layered dark edge.","4.9614","4.9614","4.9614","1936"
"src/assets/characters/states/government-ai--alternate/light-hit.png","460465ab7b4d5f89a6a8e26a12fcb5834c8ccb65bf20f7cf5a1b5e975852d388","government-ai--alternate","light-hit","4","1200","435","y","1","0.75","true","limb","Smooth upper shoulder-shell boundary; a single black contour surrounds light silver fill.","5.6000","5.6000","5.6000","1936"
"src/assets/characters/states/government-ai--alternate/light-hit.png","460465ab7b4d5f89a6a8e26a12fcb5834c8ccb65bf20f7cf5a1b5e975852d388","government-ai--alternate","light-hit","5","713","468","x","1","-1.125","false","excluded","Neck collar/rim overlap rather than isolated exterior ink.","5.3149","5.9793","5.9793","1936"
"src/assets/characters/states/government-ai--alternate/light-hit.png","460465ab7b4d5f89a6a8e26a12fcb5834c8ccb65bf20f7cf5a1b5e975852d388","government-ai--alternate","light-hit","6","478","576","x","1","-0.875","true","limb","Straight diagonal shoulder-shell perimeter into gray panel fill.","5.2680","5.2680","6.0206","1936"
"src/assets/characters/states/government-ai--alternate/light-hit.png","460465ab7b4d5f89a6a8e26a12fcb5834c8ccb65bf20f7cf5a1b5e975852d388","government-ai--alternate","light-hit","7","1344","637","y","1","1","true","limb","Upper-arm shell slope, separated from the fine internal silver seam.","4.9497","4.9497","4.9497","1936"
"src/assets/characters/states/government-ai--alternate/light-hit.png","460465ab7b4d5f89a6a8e26a12fcb5834c8ccb65bf20f7cf5a1b5e975852d388","government-ai--alternate","light-hit","8","1840","696","x","-1","-0.375","false","excluded","Book side near the gripping hand and binding junction; layered edges are ambiguous.","5.6180","5.6180","5.6180","1936"
"src/assets/characters/states/government-ai--alternate/light-hit.png","460465ab7b4d5f89a6a8e26a12fcb5834c8ccb65bf20f7cf5a1b5e975852d388","government-ai--alternate","light-hit","9","1668","943","y","-1","-0.5","false","excluded","Wrist cuff underside has multiple rim lines and curved mechanical banding.","5.3666","5.3666","5.3666","1936"
"src/assets/characters/states/government-ai--alternate/light-hit.png","460465ab7b4d5f89a6a8e26a12fcb5834c8ccb65bf20f7cf5a1b5e975852d388","government-ai--alternate","light-hit","10","441","1008","x","1","1.375","false","excluded","Forearm end bend beside the dark elbow assembly; corner/joint mass affects the run.","7.6462","7.6462","8.2344","1936"
"src/assets/characters/states/government-ai--alternate/light-hit.png","460465ab7b4d5f89a6a8e26a12fcb5834c8ccb65bf20f7cf5a1b5e975852d388","government-ai--alternate","light-hit","11","1256","1056","x","-1","0.375","true","body","Long right silver torso edge; isolated exterior ink into light panel fill.","4.6816","4.6816","4.6816","1936"
"src/assets/characters/states/government-ai--alternate/light-hit.png","460465ab7b4d5f89a6a8e26a12fcb5834c8ccb65bf20f7cf5a1b5e975852d388","government-ai--alternate","light-hit","12","699","1152","x","1","-0.125","false","excluded","Narrow bright frame beside a navy body panel; close parallel borders make this a less reliable width sample.","5.9537","5.9537","5.9537","1936"
"src/assets/characters/states/government-ai--alternate/light-hit.png","460465ab7b4d5f89a6a8e26a12fcb5834c8ccb65bf20f7cf5a1b5e975852d388","government-ai--alternate","light-hit","13","653","1356","x","1","-0.25","true","body","Left outer silver torso frame; boundary line is separate from the inner blue panel.","5.8209","5.8209","5.8209","1936"
"src/assets/characters/states/government-ai--alternate/light-hit.png","460465ab7b4d5f89a6a8e26a12fcb5834c8ccb65bf20f7cf5a1b5e975852d388","government-ai--alternate","light-hit","14","1359","1416","x","-1","0.25","true","body","Lower right silver torso edge; clean single stroke into silver fill.","5.8209","5.8209","5.8209","1936"
"src/assets/characters/states/government-ai--alternate/light-hit.png","460465ab7b4d5f89a6a8e26a12fcb5834c8ccb65bf20f7cf5a1b5e975852d388","government-ai--alternate","light-hit","15","634","1440","x","1","-0.25","true","body","Lower left silver torso frame, with distinct fill between exterior ink and interior border.","4.8507","4.8507","5.8209","1936"
"src/assets/characters/states/government-ai--alternate/light-hit.png","460465ab7b4d5f89a6a8e26a12fcb5834c8ccb65bf20f7cf5a1b5e975852d388","government-ai--alternate","light-hit","16","1568","1584","x","-1","0.75","true","base","Sloping wheel-cover silver boundary after the top facet transition.","5.6000","5.6000","5.6000","1936"
"src/assets/characters/states/government-ai--alternate/light-hit.png","460465ab7b4d5f89a6a8e26a12fcb5834c8ccb65bf20f7cf5a1b5e975852d388","government-ai--alternate","light-hit","17","1607","1680","x","-1","-0.125","false","excluded","Wheel-cover rim beside the tire; dark rim and external ink cannot be cleanly separated.","4.9614","4.9614","4.9614","1936"
"src/assets/characters/states/government-ai--alternate/light-hit.png","460465ab7b4d5f89a6a8e26a12fcb5834c8ccb65bf20f7cf5a1b5e975852d388","government-ai--alternate","light-hit","18","1296","1762","y","-1","-0.625","false","excluded","Lower blue bracket junction where the curved edge merges with a horizontal line.","8.4800","8.4800","8.4800","1936"
"src/assets/characters/states/government-ai--alternate/light-hit.png","460465ab7b4d5f89a6a8e26a12fcb5834c8ccb65bf20f7cf5a1b5e975852d388","government-ai--alternate","light-hit","19","1008","1817","y","-1","-0.125","true","base","Lower blue chassis edge right of the wheel opening; exterior ink is distinct from blue fill.","5.9537","6.9459","6.9459","1936"
"src/assets/characters/states/government-ai--alternate/light-hit.png","460465ab7b4d5f89a6a8e26a12fcb5834c8ccb65bf20f7cf5a1b5e975852d388","government-ai--alternate","light-hit","20","713","1896","x","1","0.25","false","excluded","Dark wheel hub/tire ring, excluded from contour measurement.","5.8209","5.8209","5.8209","1936"
"src/assets/characters/states/government-ai--alternate/heavy-hit.png","84882f1544a2f7885308aadd0c83ec157a006b312d9464eec61a45d44fe24493","government-ai--alternate","heavy-hit","1","934","252","x","-1","-0.25","true","head","Straight right head side away from corners; dark line separates from blue fill.","5.8209","5.8209","5.8209","1936"
"src/assets/characters/states/government-ai--alternate/heavy-hit.png","84882f1544a2f7885308aadd0c83ec157a006b312d9464eec61a45d44fe24493","government-ai--alternate","heavy-hit","2","476","288","x","1","-0.375","false","excluded","Head/ear junction has a broad triangular dark area; the long dark run is fill plus ink.","11.2360","11.2360","11.2360","1936"
"src/assets/characters/states/government-ai--alternate/heavy-hit.png","84882f1544a2f7885308aadd0c83ec157a006b312d9464eec61a45d44fe24493","government-ai--alternate","heavy-hit","3","1716","417","y","1","0.25","false","excluded","Book binding rim is layered and has material thickness.","3.8806","3.8806","3.8806","1936"
"src/assets/characters/states/government-ai--alternate/heavy-hit.png","84882f1544a2f7885308aadd0c83ec157a006b312d9464eec61a45d44fe24493","government-ai--alternate","heavy-hit","4","1212","438","y","1","0.375","true","limb","Smooth top shoulder-shell boundary around a light silver panel.","4.6816","4.6816","4.6816","1936"
"src/assets/characters/states/government-ai--alternate/heavy-hit.png","84882f1544a2f7885308aadd0c83ec157a006b312d9464eec61a45d44fe24493","government-ai--alternate","heavy-hit","5","1272","512","y","1","1","false","excluded","Shoulder/upper-arm joint shadow joins the exterior line; not an isolated ink stroke.","6.3640","6.3640","7.0711","1936"
"src/assets/characters/states/government-ai--alternate/heavy-hit.png","84882f1544a2f7885308aadd0c83ec157a006b312d9464eec61a45d44fe24493","government-ai--alternate","heavy-hit","6","439","600","x","1","-0.875","true","limb","Diagonal outer shoulder-shell line with a clear gray fill.","5.2680","5.2680","5.2680","1936"
"src/assets/characters/states/government-ai--alternate/heavy-hit.png","84882f1544a2f7885308aadd0c83ec157a006b312d9464eec61a45d44fe24493","government-ai--alternate","heavy-hit","7","1368","610","y","1","1","true","limb","Straight upper-arm panel perimeter; isolated dark stroke into silver.","4.9497","5.6569","5.6569","1936"
"src/assets/characters/states/government-ai--alternate/heavy-hit.png","84882f1544a2f7885308aadd0c83ec157a006b312d9464eec61a45d44fe24493","government-ai--alternate","heavy-hit","8","1876","708","x","-1","-0.625","false","excluded","Book edge and gripping-hand junction with a broad blue binding strip.","6.7840","6.7840","6.7840","1936"
"src/assets/characters/states/government-ai--alternate/heavy-hit.png","84882f1544a2f7885308aadd0c83ec157a006b312d9464eec61a45d44fe24493","government-ai--alternate","heavy-hit","9","1680","924","y","-1","-0.625","false","excluded","Wrist cuff beneath the gripping hand; double-rim construction obscures the ink width.","5.9360","5.9360","5.9360","1936"
"src/assets/characters/states/government-ai--alternate/heavy-hit.png","84882f1544a2f7885308aadd0c83ec157a006b312d9464eec61a45d44fe24493","government-ai--alternate","heavy-hit","10","1257","1044","x","-1","0.375","true","body","Long silver torso side, free of prop and hand overlap at the marker.","4.6816","4.6816","6.5543","1936"
"src/assets/characters/states/government-ai--alternate/heavy-hit.png","84882f1544a2f7885308aadd0c83ec157a006b312d9464eec61a45d44fe24493","government-ai--alternate","heavy-hit","11","384","1070","y","-1","0.5","true","limb","Exposed lower forearm sweep; external black band surrounds distinct silver fill.","5.3666","5.3666","5.3666","1936"
"src/assets/characters/states/government-ai--alternate/heavy-hit.png","84882f1544a2f7885308aadd0c83ec157a006b312d9464eec61a45d44fe24493","government-ai--alternate","heavy-hit","12","669","1104","x","1","-0.25","true","body","Straight left silver torso edge below the arm, with a clear ink-to-fill transition.","5.8209","5.8209","5.8209","1936"
"src/assets/characters/states/government-ai--alternate/heavy-hit.png","84882f1544a2f7885308aadd0c83ec157a006b312d9464eec61a45d44fe24493","government-ai--alternate","heavy-hit","13","627","1356","x","1","-0.25","true","body","Left lower silver flank; one external line into gray panel fill.","5.8209","5.8209","5.8209","1936"
"src/assets/characters/states/government-ai--alternate/heavy-hit.png","84882f1544a2f7885308aadd0c83ec157a006b312d9464eec61a45d44fe24493","government-ai--alternate","heavy-hit","14","1366","1404","x","-1","0.25","true","body","Right lower silver flank; continuous contour into light metal.","5.8209","5.8209","5.8209","1936"
"src/assets/characters/states/government-ai--alternate/heavy-hit.png","84882f1544a2f7885308aadd0c83ec157a006b312d9464eec61a45d44fe24493","government-ai--alternate","heavy-hit","15","615","1428","x","1","-0.25","true","body","Lower left silver flank away from its bottom corner; single exterior band.","5.8209","5.8209","5.8209","1936"
"src/assets/characters/states/government-ai--alternate/heavy-hit.png","84882f1544a2f7885308aadd0c83ec157a006b312d9464eec61a45d44fe24493","government-ai--alternate","heavy-hit","16","1531","1584","x","-1","0.875","true","base","Right wheel-cover slope into light silver fill, after the top facet junction.","5.2680","6.0206","6.0206","1936"
"src/assets/characters/states/government-ai--alternate/heavy-hit.png","84882f1544a2f7885308aadd0c83ec157a006b312d9464eec61a45d44fe24493","government-ai--alternate","heavy-hit","17","418","1668","x","1","0","true","base","Left wheel-cover vertical exterior below its corner, with a visible silver region before the inner cutout.","6.0000","6.0000","6.0000","1936"
"src/assets/characters/states/government-ai--alternate/heavy-hit.png","84882f1544a2f7885308aadd0c83ec157a006b312d9464eec61a45d44fe24493","government-ai--alternate","heavy-hit","18","1567","1668","x","-1","0","false","excluded","Wheel-cover narrow rim next to tire mass; ambiguous material band.","5.0000","5.0000","5.0000","1936"
"src/assets/characters/states/government-ai--alternate/heavy-hit.png","84882f1544a2f7885308aadd0c83ec157a006b312d9464eec61a45d44fe24493","government-ai--alternate","heavy-hit","19","1284","1759","y","-1","0.125","false","excluded","Dark base-bracket intersection; the curve joins a horizontal fill region.","8.9305","8.9305","8.9305","1936"
"src/assets/characters/states/government-ai--alternate/heavy-hit.png","84882f1544a2f7885308aadd0c83ec157a006b312d9464eec61a45d44fe24493","government-ai--alternate","heavy-hit","20","1008","1802","y","-1","-0.25","false","excluded","Lower chassis edge is too close to the wheel-opening junction for a reliable straight-edge sample.","5.8209","5.8209","5.8209","1936"
"src/assets/characters/states/government-ai--alternate/weakness.png","f41d1198d2fd1bb7c387984211d04befa0c7f14c2bee2dfaea8fd1dc5a5020b0","government-ai--alternate","weakness","1","1242","180","x","-1","0.625","true","head","Straight head polygon slope; a dark exterior band enters clear blue casing fill.","5.0880","5.0880","5.0880","1936"
"src/assets/characters/states/government-ai--alternate/weakness.png","f41d1198d2fd1bb7c387984211d04befa0c7f14c2bee2dfaea8fd1dc5a5020b0","government-ai--alternate","weakness","2","805","228","x","1","-0.5","false","excluded","Head-to-ear join contains overlapping dark shapes and a mechanical seam.","6.2610","6.2610","6.2610","1936"
"src/assets/characters/states/government-ai--alternate/weakness.png","f41d1198d2fd1bb7c387984211d04befa0c7f14c2bee2dfaea8fd1dc5a5020b0","government-ai--alternate","weakness","3","1281","252","x","-1","-0.25","false","excluded","Head side corner beside a screw; corner geometry inflates apparent width.","6.7910","6.7910","6.7910","1936"
"src/assets/characters/states/government-ai--alternate/weakness.png","f41d1198d2fd1bb7c387984211d04befa0c7f14c2bee2dfaea8fd1dc5a5020b0","government-ai--alternate","weakness","4","686","432","x","1","-1.25","true","limb","Smooth exposed shoulder-shell arc; single black line encloses light gray metal.","6.2470","6.2470","6.2470","1936"
"src/assets/characters/states/government-ai--alternate/weakness.png","f41d1198d2fd1bb7c387984211d04befa0c7f14c2bee2dfaea8fd1dc5a5020b0","government-ai--alternate","weakness","5","598","612","x","1","0.25","false","excluded","Shoulder-shell lower corner meets the dark arm joint.","5.8209","5.8209","5.8209","1936"
"src/assets/characters/states/government-ai--alternate/weakness.png","f41d1198d2fd1bb7c387984211d04befa0c7f14c2bee2dfaea8fd1dc5a5020b0","government-ai--alternate","weakness","6","1356","612","x","-1","-0.5","true","limb","Sloping shoulder-cap exterior before its joint; distinct silver fill follows the ink.","6.2610","6.2610","6.2610","1936"
"src/assets/characters/states/government-ai--alternate/weakness.png","f41d1198d2fd1bb7c387984211d04befa0c7f14c2bee2dfaea8fd1dc5a5020b0","government-ai--alternate","weakness","7","1392","665","y","1","1.125","true","limb","Upper-arm shell's smooth outer arc, away from the dark connector above it.","6.6436","6.6436","6.6436","1936"
"src/assets/characters/states/government-ai--alternate/weakness.png","f41d1198d2fd1bb7c387984211d04befa0c7f14c2bee2dfaea8fd1dc5a5020b0","government-ai--alternate","weakness","8","601","672","x","1","-0.375","true","limb","Straight outer upper-arm panel; black stroke separates from silver fill.","5.6180","5.6180","5.6180","1936"
"src/assets/characters/states/government-ai--alternate/weakness.png","f41d1198d2fd1bb7c387984211d04befa0c7f14c2bee2dfaea8fd1dc5a5020b0","government-ai--alternate","weakness","9","1472","996","x","-1","-1","false","excluded","Outer forearm point is beside the elbow/joint transition; shadow and outline merge.","7.0711","7.0711","7.7782","1936"
"src/assets/characters/states/government-ai--alternate/weakness.png","f41d1198d2fd1bb7c387984211d04befa0c7f14c2bee2dfaea8fd1dc5a5020b0","government-ai--alternate","weakness","10","617","1020","x","1","0.375","false","excluded","Forearm end corner adjoining the dark elbow assembly.","6.5543","6.5543","6.5543","1936"
"src/assets/characters/states/government-ai--alternate/weakness.png","f41d1198d2fd1bb7c387984211d04befa0c7f14c2bee2dfaea8fd1dc5a5020b0","government-ai--alternate","weakness","11","1276","1032","x","-1","0.25","true","body","Right silver torso side below the prop drawer, with a clear exterior boundary.","5.8209","5.8209","5.8209","1936"
"src/assets/characters/states/government-ai--alternate/weakness.png","f41d1198d2fd1bb7c387984211d04befa0c7f14c2bee2dfaea8fd1dc5a5020b0","government-ai--alternate","weakness","12","715","1080","x","1","-0.25","true","body","Straight left silver torso edge below the folded forearm; distinct gray fill follows the line.","5.8209","5.8209","5.8209","1936"
"src/assets/characters/states/government-ai--alternate/weakness.png","f41d1198d2fd1bb7c387984211d04befa0c7f14c2bee2dfaea8fd1dc5a5020b0","government-ai--alternate","weakness","13","651","1380","x","1","-0.125","true","body","Left lower silver torso flank; clean single contour.","4.9614","4.9614","5.9537","1936"
"src/assets/characters/states/government-ai--alternate/weakness.png","f41d1198d2fd1bb7c387984211d04befa0c7f14c2bee2dfaea8fd1dc5a5020b0","government-ai--alternate","weakness","14","1340","1380","x","-1","0.125","true","body","Right lower silver torso flank; external line separate from gray panel fill.","5.9537","5.9537","5.9537","1936"
"src/assets/characters/states/government-ai--alternate/weakness.png","f41d1198d2fd1bb7c387984211d04befa0c7f14c2bee2dfaea8fd1dc5a5020b0","government-ai--alternate","weakness","15","640","1428","x","1","-0.25","true","body","Lower left torso flank away from the base corner; one stroke into gray fill.","5.8209","5.8209","5.8209","1936"
"src/assets/characters/states/government-ai--alternate/weakness.png","f41d1198d2fd1bb7c387984211d04befa0c7f14c2bee2dfaea8fd1dc5a5020b0","government-ai--alternate","weakness","16","1349","1428","x","-1","0.125","true","body","Lower right torso edge; clear dark band before silver fill.","5.9537","5.9537","5.9537","1936"
"src/assets/characters/states/government-ai--alternate/weakness.png","f41d1198d2fd1bb7c387984211d04befa0c7f14c2bee2dfaea8fd1dc5a5020b0","government-ai--alternate","weakness","17","1272","1779","y","-1","-0.875","false","excluded","Rounded base-bracket edge at a merging horizontal line; not a clean isolated stroke.","6.7732","6.7732","6.7732","1936"
"src/assets/characters/states/government-ai--alternate/weakness.png","f41d1198d2fd1bb7c387984211d04befa0c7f14c2bee2dfaea8fd1dc5a5020b0","government-ai--alternate","weakness","18","1128","1801","y","-1","-0.125","true","base","Straight lower blue chassis span; isolated exterior ink under a distinct blue fill.","5.9537","5.9537","5.9537","1936"
"src/assets/characters/states/government-ai--alternate/weakness.png","f41d1198d2fd1bb7c387984211d04befa0c7f14c2bee2dfaea8fd1dc5a5020b0","government-ai--alternate","weakness","19","996","1816","y","-1","-0.125","false","excluded","Lower chassis/wheel-opening junction combines multiple dark borders.","5.9537","5.9537","5.9537","1936"
"src/assets/characters/states/government-ai--alternate/weakness.png","f41d1198d2fd1bb7c387984211d04befa0c7f14c2bee2dfaea8fd1dc5a5020b0","government-ai--alternate","weakness","20","717","1872","x","1","0.125","false","excluded","Wheel hub/tire ring; dark material mass is not contour ink.","5.9537","5.9537","5.9537","1936"
"src/assets/characters/government-ai--schoolteacher.png","35646c833b5f5de296a24191691592bda5ec421845d23facfd002c10149ee704","government-ai--schoolteacher","selection","1","1217","192","x","-1","0.25","false","excluded","Crest tip is a dark vane corner; the corner and inset border are not a plain silhouette sample.","2.9104","2.9104","2.9104","1942"
"src/assets/characters/government-ai--schoolteacher.png","35646c833b5f5de296a24191691592bda5ec421845d23facfd002c10149ee704","government-ai--schoolteacher","selection","2","1167","264","x","-1","1.125","true","head","Smooth outside head-shell curve; one dark stroke enters distinct blue housing fill.","3.3218","3.3218","3.3218","1942"
"src/assets/characters/government-ai--schoolteacher.png","35646c833b5f5de296a24191691592bda5ec421845d23facfd002c10149ee704","government-ai--schoolteacher","selection","3","840","297","y","1","0.125","false","excluded","Glasses end/corner contains crossing gold and black frame edges.","2.9768","2.9768","2.9768","1942"
"src/assets/characters/government-ai--schoolteacher.png","35646c833b5f5de296a24191691592bda5ec421845d23facfd002c10149ee704","government-ai--schoolteacher","selection","4","403","324","x","1","0.5","true","prop","Straight ruler side; black outside line enters light wood away from its end.","2.6833","2.6833","2.6833","1942"
"src/assets/characters/government-ai--schoolteacher.png","35646c833b5f5de296a24191691592bda5ec421845d23facfd002c10149ee704","government-ai--schoolteacher","selection","5","1248","588","y","1","0.375","true","body","Straight shoulder/vest perimeter; separate dark line enters burgundy fill.","3.7453","3.7453","3.7453","1942"
"src/assets/characters/government-ai--schoolteacher.png","35646c833b5f5de296a24191691592bda5ec421845d23facfd002c10149ee704","government-ai--schoolteacher","selection","6","816","653","y","1","-1","true","limb","Smooth shoulder-shell arc; outside ink enters blue metal before the separate interior seam.","3.5355","3.5355","3.5355","1942"
"src/assets/characters/government-ai--schoolteacher.png","35646c833b5f5de296a24191691592bda5ec421845d23facfd002c10149ee704","government-ai--schoolteacher","selection","7","1400","660","x","-1","0.375","false","excluded","Concentric shoulder joint rims; dark bands can measure component structure.","3.7453","3.7453","3.7453","1942"
"src/assets/characters/government-ai--schoolteacher.png","35646c833b5f5de296a24191691592bda5ec421845d23facfd002c10149ee704","government-ai--schoolteacher","selection","8","480","670","y","-1","1.125","false","excluded","Wrist joint transition and curved rim meet the forearm at this sample.","3.3218","3.3218","3.3218","1942"
"src/assets/characters/government-ai--schoolteacher.png","35646c833b5f5de296a24191691592bda5ec421845d23facfd002c10149ee704","government-ai--schoolteacher","selection","9","579","972","x","1","0.875","true","limb","Rounded forearm outside edge; the sampled line enters light gray metal before the nearby joint.","3.0103","3.7629","3.7629","1942"
"src/assets/characters/government-ai--schoolteacher.png","35646c833b5f5de296a24191691592bda5ec421845d23facfd002c10149ee704","government-ai--schoolteacher","selection","10","1531","1092","x","-1","-1.25","true","limb","Plain diagonal forearm edge into gray metal, away from the elbow rim.","3.7482","3.7482","3.7482","1942"
"src/assets/characters/government-ai--schoolteacher.png","35646c833b5f5de296a24191691592bda5ec421845d23facfd002c10149ee704","government-ai--schoolteacher","selection","11","925","1116","x","1","-0.25","true","body","Torso outside line enters distinct navy side-panel fill; burgundy and its interior edge lie farther inward.","2.9104","2.9104","2.9104","1942"
"src/assets/characters/government-ai--schoolteacher.png","35646c833b5f5de296a24191691592bda5ec421845d23facfd002c10149ee704","government-ai--schoolteacher","selection","12","901","1188","x","1","-0.375","true","body","Straight lower torso outside line into the broad navy side panel.","3.7453","3.7453","3.7453","1942"
"src/assets/characters/government-ai--schoolteacher.png","35646c833b5f5de296a24191691592bda5ec421845d23facfd002c10149ee704","government-ai--schoolteacher","selection","13","1290","1320","x","-1","1.125","true","base","Upper skirt diagonal into light gray plating; sample is below the corner and clear of the bolt.","2.6575","2.6575","2.6575","1942"
"src/assets/characters/government-ai--schoolteacher.png","35646c833b5f5de296a24191691592bda5ec421845d23facfd002c10149ee704","government-ai--schoolteacher","selection","14","835","1428","x","1","-0.625","true","base","Long left skirt edge with black ink against light gray plating.","3.3920","4.2400","4.2400","1942"
"src/assets/characters/government-ai--schoolteacher.png","35646c833b5f5de296a24191691592bda5ec421845d23facfd002c10149ee704","government-ai--schoolteacher","selection","15","1385","1464","x","-1","0.625","true","base","Long right skirt edge with a clear dark-to-gray transition.","4.2400","4.2400","4.2400","1942"
"src/assets/characters/government-ai--schoolteacher.png","35646c833b5f5de296a24191691592bda5ec421845d23facfd002c10149ee704","government-ai--schoolteacher","selection","16","743","1572","x","1","-0.625","true","base","Lower left skirt slope with one plain exterior stroke.","3.3920","3.3920","4.2400","1942"
"src/assets/characters/government-ai--schoolteacher.png","35646c833b5f5de296a24191691592bda5ec421845d23facfd002c10149ee704","government-ai--schoolteacher","selection","17","1618","1776","x","-1","0.375","true","base","Outside wheel-cover arc into light gray fender metal, above the dark tire.","2.8090","2.8090","2.8090","1942"
"src/assets/characters/government-ai--schoolteacher.png","35646c833b5f5de296a24191691592bda5ec421845d23facfd002c10149ee704","government-ai--schoolteacher","selection","18","594","1800","x","1","0","true","base","Plain outer left fender side; the sample enters light gray cover rather than tire fill.","3.0000","3.0000","4.0000","1942"
"src/assets/characters/government-ai--schoolteacher.png","35646c833b5f5de296a24191691592bda5ec421845d23facfd002c10149ee704","government-ai--schoolteacher","selection","19","828","1821","y","-1","0.625","true","base","Sloping lower skirt edge into gray plate, clear of the adjoining wheel mass at the sampled point.","2.5440","4.2400","4.2400","1942"
"src/assets/characters/government-ai--schoolteacher.png","35646c833b5f5de296a24191691592bda5ec421845d23facfd002c10149ee704","government-ai--schoolteacher","selection","20","1140","1858","y","-1","-0.125","true","base","Lower skirt edge enters gray plate to the right of the wheel cover; no second rim crosses this ray.","2.9768","2.9768","2.9768","1942"
"src/assets/characters/states/government-ai--schoolteacher/thinking.png","16c944870ee1ba78e3609966912d64e1d014f04ccbc7441d89a287bd80da7b41","government-ai--schoolteacher","thinking","1","1224","180","x","-1","0.375","false","excluded","Dark crest tip and its corner are not plain exterior ink.","2.8090","3.7453","3.7453","1942"
"src/assets/characters/states/government-ai--schoolteacher/thinking.png","16c944870ee1ba78e3609966912d64e1d014f04ccbc7441d89a287bd80da7b41","government-ai--schoolteacher","thinking","2","984","182","y","1","0.125","false","excluded","Top head strip is bounded by two nearby dark rims; exclude it from the plain-edge set.","3.9691","3.9691","3.9691","1942"
"src/assets/characters/states/government-ai--schoolteacher/thinking.png","16c944870ee1ba78e3609966912d64e1d014f04ccbc7441d89a287bd80da7b41","government-ai--schoolteacher","thinking","3","1188","276","x","-1","0.625","true","head","Smooth head-shell side into distinct blue fill.","3.3920","3.3920","3.3920","1942"
"src/assets/characters/states/government-ai--schoolteacher/thinking.png","16c944870ee1ba78e3609966912d64e1d014f04ccbc7441d89a287bd80da7b41","government-ai--schoolteacher","thinking","4","833","288","x","1","-0.375","false","excluded","Glasses end is a small corner and multiple frame intersection.","1.8727","2.8090","2.8090","1942"
"src/assets/characters/states/government-ai--schoolteacher/thinking.png","16c944870ee1ba78e3609966912d64e1d014f04ccbc7441d89a287bd80da7b41","government-ai--schoolteacher","thinking","5","829","492","x","1","-0.875","false","excluded","Finger pin and plate junction are sampled at a joint/corner.","2.2577","2.2577","2.2577","1942"
"src/assets/characters/states/government-ai--schoolteacher/thinking.png","16c944870ee1ba78e3609966912d64e1d014f04ccbc7441d89a287bd80da7b41","government-ai--schoolteacher","thinking","6","1236","582","y","1","0.25","true","body","Vest shoulder edge into burgundy fill, away from its corner.","2.9104","3.8806","3.8806","1942"
"src/assets/characters/states/government-ai--schoolteacher/thinking.png","16c944870ee1ba78e3609966912d64e1d014f04ccbc7441d89a287bd80da7b41","government-ai--schoolteacher","thinking","7","734","648","x","1","-0.25","true","limb","Straight outside finger/hand plate edge into light gray metal before its lower corner.","2.9104","3.8806","3.8806","1942"
"src/assets/characters/states/government-ai--schoolteacher/thinking.png","16c944870ee1ba78e3609966912d64e1d014f04ccbc7441d89a287bd80da7b41","government-ai--schoolteacher","thinking","8","1391","672","x","-1","0.25","false","excluded","Concentric shoulder joint rim.","3.8806","3.8806","3.8806","1942"
"src/assets/characters/states/government-ai--schoolteacher/thinking.png","16c944870ee1ba78e3609966912d64e1d014f04ccbc7441d89a287bd80da7b41","government-ai--schoolteacher","thinking","9","658","996","x","1","1.25","false","excluded","Gold elbow ring and its dark rim are component structure.","3.7482","3.7482","3.7482","1942"
"src/assets/characters/states/government-ai--schoolteacher/thinking.png","16c944870ee1ba78e3609966912d64e1d014f04ccbc7441d89a287bd80da7b41","government-ai--schoolteacher","thinking","10","1559","1020","x","-1","-0.75","false","excluded","Elbow-ring lower edge overlaps dark joint fill.","4.0000","4.0000","4.0000","1942"
"src/assets/characters/states/government-ai--schoolteacher/thinking.png","16c944870ee1ba78e3609966912d64e1d014f04ccbc7441d89a287bd80da7b41","government-ai--schoolteacher","thinking","11","921","1104","x","1","-0.375","true","body","Torso silhouette line into distinct navy side-panel fill.","3.7453","3.7453","3.7453","1942"
"src/assets/characters/states/government-ai--schoolteacher/thinking.png","16c944870ee1ba78e3609966912d64e1d014f04ccbc7441d89a287bd80da7b41","government-ai--schoolteacher","thinking","12","1500","1104","x","-1","-1.375","true","limb","Long outside forearm diagonal into gray metal.","3.5290","4.1172","4.1172","1942"
"src/assets/characters/states/government-ai--schoolteacher/thinking.png","16c944870ee1ba78e3609966912d64e1d014f04ccbc7441d89a287bd80da7b41","government-ai--schoolteacher","thinking","13","863","1368","x","1","-0.625","true","base","Left skirt slope below the bolt; plain ink into gray plating.","3.3920","3.3920","3.3920","1942"
"src/assets/characters/states/government-ai--schoolteacher/thinking.png","16c944870ee1ba78e3609966912d64e1d014f04ccbc7441d89a287bd80da7b41","government-ai--schoolteacher","thinking","14","1314","1368","x","-1","0.625","true","base","Right skirt slope with no joint or seam crossing the sampled ray.","3.3920","3.3920","3.3920","1942"
"src/assets/characters/states/government-ai--schoolteacher/thinking.png","16c944870ee1ba78e3609966912d64e1d014f04ccbc7441d89a287bd80da7b41","government-ai--schoolteacher","thinking","15","794","1476","x","1","-0.625","true","base","Lower left skirt edge into broad gray fill.","3.3920","3.3920","4.2400","1942"
"src/assets/characters/states/government-ai--schoolteacher/thinking.png","16c944870ee1ba78e3609966912d64e1d014f04ccbc7441d89a287bd80da7b41","government-ai--schoolteacher","thinking","16","1395","1488","x","-1","0.75","true","base","Lower right skirt edge into broad gray fill.","3.2000","4.0000","4.0000","1942"
"src/assets/characters/states/government-ai--schoolteacher/thinking.png","16c944870ee1ba78e3609966912d64e1d014f04ccbc7441d89a287bd80da7b41","government-ai--schoolteacher","thinking","17","828","1828","y","-1","0.5","true","base","Lower skirt edge into gray plate, apart from the adjacent wheel mass.","3.5777","3.5777","3.5777","1942"
"src/assets/characters/states/government-ai--schoolteacher/thinking.png","16c944870ee1ba78e3609966912d64e1d014f04ccbc7441d89a287bd80da7b41","government-ai--schoolteacher","thinking","18","1601","1848","x","-1","0","false","excluded","The marker is on the wheel's dark tire body, not a light shell contour.","4.0000","4.0000","4.0000","1942"
"src/assets/characters/states/government-ai--schoolteacher/thinking.png","16c944870ee1ba78e3609966912d64e1d014f04ccbc7441d89a287bd80da7b41","government-ai--schoolteacher","thinking","19","1200","1852","y","-1","-0.25","true","base","Underside skirt stroke enters light gray plate before the separate dark panel farther inward.","3.8806","3.8806","3.8806","1942"
"src/assets/characters/states/government-ai--schoolteacher/thinking.png","16c944870ee1ba78e3609966912d64e1d014f04ccbc7441d89a287bd80da7b41","government-ai--schoolteacher","thinking","20","912","1860","y","-1","0.25","false","excluded","Lower navy panel meets a wheel-cover edge nearby; reject the rim/intersection ambiguity.","3.8806","3.8806","3.8806","1942"
"src/assets/characters/states/government-ai--schoolteacher/delivery.png","4a56cd82c984955991432a89134a4593fd21e8642c253d91a6f6b634e8aed3b4","government-ai--schoolteacher","delivery","1","1224","180","x","-1","0.375","false","excluded","Crest-vane dark tip and corner.","3.7453","3.7453","3.7453","1942"
"src/assets/characters/states/government-ai--schoolteacher/delivery.png","4a56cd82c984955991432a89134a4593fd21e8642c253d91a6f6b634e8aed3b4","government-ai--schoolteacher","delivery","2","336","214","y","1","1.375","false","excluded","Ruler top corner; slope and dark run are not representative of its straight side.","2.9409","4.1172","4.1172","1942"
"src/assets/characters/states/government-ai--schoolteacher/delivery.png","4a56cd82c984955991432a89134a4593fd21e8642c253d91a6f6b634e8aed3b4","government-ai--schoolteacher","delivery","3","1176","252","x","-1","1.125","true","head","Smooth exterior head-shell edge enters blue housing.","3.3218","3.3218","3.3218","1942"
"src/assets/characters/states/government-ai--schoolteacher/delivery.png","4a56cd82c984955991432a89134a4593fd21e8642c253d91a6f6b634e8aed3b4","government-ai--schoolteacher","delivery","4","840","285","y","1","0","false","excluded","Glasses end/corner and crossing rim.","2.0000","2.0000","2.0000","1942"
"src/assets/characters/states/government-ai--schoolteacher/delivery.png","4a56cd82c984955991432a89134a4593fd21e8642c253d91a6f6b634e8aed3b4","government-ai--schoolteacher","delivery","5","1236","568","y","1","0.375","true","body","Sloping shoulder/vest top enters burgundy fill away from the corner.","2.8090","2.8090","3.7453","1942"
"src/assets/characters/states/government-ai--schoolteacher/delivery.png","4a56cd82c984955991432a89134a4593fd21e8642c253d91a6f6b634e8aed3b4","government-ai--schoolteacher","delivery","6","780","607","y","1","-0.75","false","excluded","Shoulder joint gold ring is a rim, not a plain plate edge.","4.0000","4.0000","4.0000","1942"
"src/assets/characters/states/government-ai--schoolteacher/delivery.png","4a56cd82c984955991432a89134a4593fd21e8642c253d91a6f6b634e8aed3b4","government-ai--schoolteacher","delivery","7","448","648","x","1","0.375","false","excluded","Finger knuckle assembly contains adjacent gold pins and dark joint borders.","4.6816","4.6816","4.6816","1942"
"src/assets/characters/states/government-ai--schoolteacher/delivery.png","4a56cd82c984955991432a89134a4593fd21e8642c253d91a6f6b634e8aed3b4","government-ai--schoolteacher","delivery","8","1397","648","x","-1","0.25","false","excluded","Concentric shoulder rim.","2.9104","3.8806","3.8806","1942"
"src/assets/characters/states/government-ai--schoolteacher/delivery.png","4a56cd82c984955991432a89134a4593fd21e8642c253d91a6f6b634e8aed3b4","government-ai--schoolteacher","delivery","9","1518","1056","x","-1","-1.375","true","limb","Plain outside forearm slope into gray metal before the adjacent dark joint region.","3.5290","3.5290","3.5290","1942"
"src/assets/characters/states/government-ai--schoolteacher/delivery.png","4a56cd82c984955991432a89134a4593fd21e8642c253d91a6f6b634e8aed3b4","government-ai--schoolteacher","delivery","10","939","1080","x","1","-0.375","true","body","Torso silhouette into broad navy side fill below the button.","3.7453","3.7453","3.7453","1942"
"src/assets/characters/states/government-ai--schoolteacher/delivery.png","4a56cd82c984955991432a89134a4593fd21e8642c253d91a6f6b634e8aed3b4","government-ai--schoolteacher","delivery","11","921","1128","x","1","-0.375","true","body","Straight outside torso strip into distinct navy fill.","3.7453","3.7453","3.7453","1942"
"src/assets/characters/states/government-ai--schoolteacher/delivery.png","4a56cd82c984955991432a89134a4593fd21e8642c253d91a6f6b634e8aed3b4","government-ai--schoolteacher","delivery","12","904","1176","x","1","-0.375","true","body","Lower torso contour into navy fill, away from the hem.","3.7453","3.7453","3.7453","1942"
"src/assets/characters/states/government-ai--schoolteacher/delivery.png","4a56cd82c984955991432a89134a4593fd21e8642c253d91a6f6b634e8aed3b4","government-ai--schoolteacher","delivery","13","1308","1308","x","-1","0.625","true","base","Right skirt slope below the bolt; clean line into light gray plate.","3.3920","3.3920","3.3920","1942"
"src/assets/characters/states/government-ai--schoolteacher/delivery.png","4a56cd82c984955991432a89134a4593fd21e8642c253d91a6f6b634e8aed3b4","government-ai--schoolteacher","delivery","14","822","1440","x","1","-0.75","true","base","Long left skirt slope with one dark outside stroke.","3.2000","3.2000","4.0000","1942"
"src/assets/characters/states/government-ai--schoolteacher/delivery.png","4a56cd82c984955991432a89134a4593fd21e8642c253d91a6f6b634e8aed3b4","government-ai--schoolteacher","delivery","15","1402","1452","x","-1","0.625","true","base","Long right skirt slope with one dark outside stroke.","3.3920","3.3920","3.3920","1942"
"src/assets/characters/states/government-ai--schoolteacher/delivery.png","4a56cd82c984955991432a89134a4593fd21e8642c253d91a6f6b634e8aed3b4","government-ai--schoolteacher","delivery","16","724","1596","x","1","-0.75","true","base","Lower left skirt slope above the separate wheel-cover junction.","3.2000","3.2000","3.2000","1942"
"src/assets/characters/states/government-ai--schoolteacher/delivery.png","4a56cd82c984955991432a89134a4593fd21e8642c253d91a6f6b634e8aed3b4","government-ai--schoolteacher","delivery","17","590","1800","x","1","-0.125","false","excluded","Fender side reaches the curved lower rim at this location; corner/rim ambiguity.","2.9768","2.9768","3.9691","1942"
"src/assets/characters/states/government-ai--schoolteacher/delivery.png","4a56cd82c984955991432a89134a4593fd21e8642c253d91a6f6b634e8aed3b4","government-ai--schoolteacher","delivery","18","852","1814","y","-1","0.375","true","base","Underside gray skirt edge clear of the nearby wheel silhouette.","2.8090","2.8090","3.7453","1942"
"src/assets/characters/states/government-ai--schoolteacher/delivery.png","4a56cd82c984955991432a89134a4593fd21e8642c253d91a6f6b634e8aed3b4","government-ai--schoolteacher","delivery","19","1368","1845","y","-1","0.125","false","excluded","Dark wheel-cover/tire region; it is a filled component rather than isolated ink.","2.9768","2.9768","3.9691","1942"
"src/assets/characters/states/government-ai--schoolteacher/delivery.png","4a56cd82c984955991432a89134a4593fd21e8642c253d91a6f6b634e8aed3b4","government-ai--schoolteacher","delivery","20","1152","1850","y","-1","-0.25","true","base","Lower skirt edge enters gray plate just right of the separate front-wheel cover.","3.8806","3.8806","3.8806","1942"
"src/assets/characters/states/government-ai--schoolteacher/light-hit.png","4a305ed9a206dcaba0af7bd4d3acf64b303f9b805976c5be75aa2eabf7942c89","government-ai--schoolteacher","light-hit","1","1362","192","x","-1","0.25","false","excluded","Dark crest corner.","2.9104","3.8806","3.8806","1942"
"src/assets/characters/states/government-ai--schoolteacher/light-hit.png","4a305ed9a206dcaba0af7bd4d3acf64b303f9b805976c5be75aa2eabf7942c89","government-ai--schoolteacher","light-hit","2","1008","212","y","1","-1.125","false","excluded","Narrow top-face/head band between nearby dark rims.","3.9862","3.9862","3.9862","1942"
"src/assets/characters/states/government-ai--schoolteacher/light-hit.png","4a305ed9a206dcaba0af7bd4d3acf64b303f9b805976c5be75aa2eabf7942c89","government-ai--schoolteacher","light-hit","3","1280","264","x","-1","1.375","true","head","Head side below the crest has a clear outside stroke into broad blue housing.","4.1172","4.1172","4.1172","1942"
"src/assets/characters/states/government-ai--schoolteacher/light-hit.png","4a305ed9a206dcaba0af7bd4d3acf64b303f9b805976c5be75aa2eabf7942c89","government-ai--schoolteacher","light-hit","4","533","288","x","1","0.375","true","prop","Straight ruler side with a distinct black-to-wood transition.","3.7453","3.7453","3.7453","1942"
"src/assets/characters/states/government-ai--schoolteacher/light-hit.png","4a305ed9a206dcaba0af7bd4d3acf64b303f9b805976c5be75aa2eabf7942c89","government-ai--schoolteacher","light-hit","5","1343","588","x","-1","1.125","false","excluded","Shoulder-shell fold converges with the joint ring at a corner.","4.6505","4.6505","4.6505","1942"
"src/assets/characters/states/government-ai--schoolteacher/light-hit.png","4a305ed9a206dcaba0af7bd4d3acf64b303f9b805976c5be75aa2eabf7942c89","government-ai--schoolteacher","light-hit","6","1392","660","x","-1","0.125","false","excluded","Concentric shoulder joint rim.","2.9768","2.9768","3.9691","1942"
"src/assets/characters/states/government-ai--schoolteacher/light-hit.png","4a305ed9a206dcaba0af7bd4d3acf64b303f9b805976c5be75aa2eabf7942c89","government-ai--schoolteacher","light-hit","7","852","665","y","1","-1.375","true","limb","Upper-arm plate outside diagonal into light gray metal, before the rivet and joint.","4.1172","4.1172","4.1172","1942"
"src/assets/characters/states/government-ai--schoolteacher/light-hit.png","4a305ed9a206dcaba0af7bd4d3acf64b303f9b805976c5be75aa2eabf7942c89","government-ai--schoolteacher","light-hit","8","598","672","x","1","-0.375","false","excluded","Wrist-joint pinch point between adjacent mechanical parts.","4.6816","4.6816","4.6816","1942"
"src/assets/characters/states/government-ai--schoolteacher/light-hit.png","4a305ed9a206dcaba0af7bd4d3acf64b303f9b805976c5be75aa2eabf7942c89","government-ai--schoolteacher","light-hit","9","698","948","x","1","1.375","false","excluded","Elbow gold ring and dark neighboring joint fill.","3.5290","4.1172","4.1172","1942"
"src/assets/characters/states/government-ai--schoolteacher/light-hit.png","4a305ed9a206dcaba0af7bd4d3acf64b303f9b805976c5be75aa2eabf7942c89","government-ai--schoolteacher","light-hit","10","941","1032","x","1","-0.625","true","body","Torso outer boundary enters navy side fill; the inward burgundy border is separate.","3.3920","3.3920","4.2400","1942"
"src/assets/characters/states/government-ai--schoolteacher/light-hit.png","4a305ed9a206dcaba0af7bd4d3acf64b303f9b805976c5be75aa2eabf7942c89","government-ai--schoolteacher","light-hit","11","1486","1032","x","-1","-1.25","false","excluded","Forearm edge is sampled where a gray plate corner meets dark joint fill.","3.7482","3.7482","4.3729","1942"
"src/assets/characters/states/government-ai--schoolteacher/light-hit.png","4a305ed9a206dcaba0af7bd4d3acf64b303f9b805976c5be75aa2eabf7942c89","government-ai--schoolteacher","light-hit","12","1297","1164","x","-1","0.25","false","excluded","Lower torso flap near its curved corner; too close to the turn for a plain segment.","4.8507","4.8507","4.8507","1942"
"src/assets/characters/states/government-ai--schoolteacher/light-hit.png","4a305ed9a206dcaba0af7bd4d3acf64b303f9b805976c5be75aa2eabf7942c89","government-ai--schoolteacher","light-hit","13","1336","1320","x","-1","0.625","true","base","Upper right skirt slope; plain ink into gray plate.","4.2400","4.2400","4.2400","1942"
"src/assets/characters/states/government-ai--schoolteacher/light-hit.png","4a305ed9a206dcaba0af7bd4d3acf64b303f9b805976c5be75aa2eabf7942c89","government-ai--schoolteacher","light-hit","14","836","1368","x","1","-0.625","true","base","Upper left skirt slope; plain ink into gray plate.","4.2400","4.2400","4.2400","1942"
"src/assets/characters/states/government-ai--schoolteacher/light-hit.png","4a305ed9a206dcaba0af7bd4d3acf64b303f9b805976c5be75aa2eabf7942c89","government-ai--schoolteacher","light-hit","15","1420","1452","x","-1","0.625","true","base","Lower right skirt slope; no joint or rim intersects the sampled line.","4.2400","4.2400","4.2400","1942"
"src/assets/characters/states/government-ai--schoolteacher/light-hit.png","4a305ed9a206dcaba0af7bd4d3acf64b303f9b805976c5be75aa2eabf7942c89","government-ai--schoolteacher","light-hit","16","754","1500","x","1","-0.625","true","base","Lower left skirt slope; no joint or rim intersects the sampled line.","3.3920","4.2400","4.2400","1942"
"src/assets/characters/states/government-ai--schoolteacher/light-hit.png","4a305ed9a206dcaba0af7bd4d3acf64b303f9b805976c5be75aa2eabf7942c89","government-ai--schoolteacher","light-hit","17","568","1776","x","1","-0.125","false","excluded","Wheel-cover lower side meets its rim at the sample.","3.9691","3.9691","3.9691","1942"
"src/assets/characters/states/government-ai--schoolteacher/light-hit.png","4a305ed9a206dcaba0af7bd4d3acf64b303f9b805976c5be75aa2eabf7942c89","government-ai--schoolteacher","light-hit","18","1212","1809","y","-1","-0.375","false","excluded","Gray plate, navy panel and lower silhouette meet at a seam/corner.","4.6816","4.6816","4.6816","1942"
"src/assets/characters/states/government-ai--schoolteacher/light-hit.png","4a305ed9a206dcaba0af7bd4d3acf64b303f9b805976c5be75aa2eabf7942c89","government-ai--schoolteacher","light-hit","19","912","1814","y","-1","0.25","false","excluded","Navy base panel is sampled near the front-wheel-cover intersection.","3.8806","3.8806","3.8806","1942"
"src/assets/characters/states/government-ai--schoolteacher/light-hit.png","4a305ed9a206dcaba0af7bd4d3acf64b303f9b805976c5be75aa2eabf7942c89","government-ai--schoolteacher","light-hit","20","1380","1824","y","-1","-0.125","false","excluded","Large dark wheel/fender mass at a component junction; the approximately 17.9-pixel run is not an outline-width observation.","16.8687","17.8610","17.8610","1942"
"src/assets/characters/states/government-ai--schoolteacher/heavy-hit.png","bb8b564970ccb83fd5ebfe840fc82f42f28a6086022b7edca5fa8a87bb5fe09f","government-ai--schoolteacher","heavy-hit","1","1176","251","y","1","0","false","excluded","Glasses end/corner and crossing frame edges.","2.0000","3.0000","3.0000","1942"
"src/assets/characters/states/government-ai--schoolteacher/heavy-hit.png","bb8b564970ccb83fd5ebfe840fc82f42f28a6086022b7edca5fa8a87bb5fe09f","government-ai--schoolteacher","heavy-hit","2","1476","264","x","-1","1","true","head","Curved head-shell side below the crest enters distinct blue housing fill.","3.5355","4.2426","4.2426","1942"
"src/assets/characters/states/government-ai--schoolteacher/heavy-hit.png","bb8b564970ccb83fd5ebfe840fc82f42f28a6086022b7edca5fa8a87bb5fe09f","government-ai--schoolteacher","heavy-hit","3","423","288","x","1","0.25","true","prop","Straight ruler side enters light wood away from the top and hand.","2.9104","2.9104","3.8806","1942"
"src/assets/characters/states/government-ai--schoolteacher/heavy-hit.png","bb8b564970ccb83fd5ebfe840fc82f42f28a6086022b7edca5fa8a87bb5fe09f","government-ai--schoolteacher","heavy-hit","4","576","438","y","1","1","false","excluded","Finger cap, pin and joint junction; the approximately 9.2-pixel dark run includes component structure.","8.4853","9.1924","9.8995","1942"
"src/assets/characters/states/government-ai--schoolteacher/heavy-hit.png","bb8b564970ccb83fd5ebfe840fc82f42f28a6086022b7edca5fa8a87bb5fe09f","government-ai--schoolteacher","heavy-hit","5","1128","531","y","1","0.125","true","body","Plain outside collar/shoulder edge enters cream cloth, clear of the neck.","2.9768","2.9768","2.9768","1942"
"src/assets/characters/states/government-ai--schoolteacher/heavy-hit.png","bb8b564970ccb83fd5ebfe840fc82f42f28a6086022b7edca5fa8a87bb5fe09f","government-ai--schoolteacher","heavy-hit","6","504","654","y","-1","0.25","false","excluded","Rounded finger end joins a dark wrist region at the sampled boundary.","3.8806","3.8806","3.8806","1942"
"src/assets/characters/states/government-ai--schoolteacher/heavy-hit.png","bb8b564970ccb83fd5ebfe840fc82f42f28a6086022b7edca5fa8a87bb5fe09f","government-ai--schoolteacher","heavy-hit","7","852","658","y","1","-1","true","limb","Straight upper-arm plate outside edge into light gray metal.","3.5355","3.5355","3.5355","1942"
"src/assets/characters/states/government-ai--schoolteacher/heavy-hit.png","bb8b564970ccb83fd5ebfe840fc82f42f28a6086022b7edca5fa8a87bb5fe09f","government-ai--schoolteacher","heavy-hit","8","1481","696","x","-1","1.5","false","excluded","Shoulder-shell corner meets a joint rim.","5.5470","5.5470","6.1017","1942"
"src/assets/characters/states/government-ai--schoolteacher/heavy-hit.png","bb8b564970ccb83fd5ebfe840fc82f42f28a6086022b7edca5fa8a87bb5fe09f","government-ai--schoolteacher","heavy-hit","9","645","888","x","1","1.125","true","limb","Smooth lower forearm edge into gray plate, before the separate joint mass.","3.9862","3.9862","3.9862","1942"
"src/assets/characters/states/government-ai--schoolteacher/heavy-hit.png","bb8b564970ccb83fd5ebfe840fc82f42f28a6086022b7edca5fa8a87bb5fe09f","government-ai--schoolteacher","heavy-hit","10","1598","996","x","-1","-0.125","false","excluded","Dark elbow bellows/joint mass; the approximately 6.9-pixel run is not plain silhouette ink.","6.9459","6.9459","6.9459","1942"
"src/assets/characters/states/government-ai--schoolteacher/heavy-hit.png","bb8b564970ccb83fd5ebfe840fc82f42f28a6086022b7edca5fa8a87bb5fe09f","government-ai--schoolteacher","heavy-hit","11","881","1044","x","1","-0.5","true","body","Torso outside edge into distinct navy side-panel fill.","3.5777","3.5777","3.5777","1942"
"src/assets/characters/states/government-ai--schoolteacher/heavy-hit.png","bb8b564970ccb83fd5ebfe840fc82f42f28a6086022b7edca5fa8a87bb5fe09f","government-ai--schoolteacher","heavy-hit","12","859","1092","x","1","-0.5","true","body","Lower torso outside edge into navy fill on a plain segment.","3.5777","3.5777","3.5777","1942"
"src/assets/characters/states/government-ai--schoolteacher/heavy-hit.png","bb8b564970ccb83fd5ebfe840fc82f42f28a6086022b7edca5fa8a87bb5fe09f","government-ai--schoolteacher","heavy-hit","13","1281","1332","x","-1","0.625","true","base","Upper right skirt slope into gray plating.","3.3920","4.2400","4.2400","1942"
"src/assets/characters/states/government-ai--schoolteacher/heavy-hit.png","bb8b564970ccb83fd5ebfe840fc82f42f28a6086022b7edca5fa8a87bb5fe09f","government-ai--schoolteacher","heavy-hit","14","781","1380","x","1","-0.5","true","base","Upper left skirt slope into gray plating.","4.4721","4.4721","4.4721","1942"
"src/assets/characters/states/government-ai--schoolteacher/heavy-hit.png","bb8b564970ccb83fd5ebfe840fc82f42f28a6086022b7edca5fa8a87bb5fe09f","government-ai--schoolteacher","heavy-hit","15","1388","1488","x","-1","0.625","true","base","Lower right skirt slope into gray plating.","4.2400","4.2400","4.2400","1942"
"src/assets/characters/states/government-ai--schoolteacher/heavy-hit.png","bb8b564970ccb83fd5ebfe840fc82f42f28a6086022b7edca5fa8a87bb5fe09f","government-ai--schoolteacher","heavy-hit","16","697","1524","x","1","-0.5","true","base","Lower left skirt slope into gray plating.","4.4721","4.4721","4.4721","1942"
"src/assets/characters/states/government-ai--schoolteacher/heavy-hit.png","bb8b564970ccb83fd5ebfe840fc82f42f28a6086022b7edca5fa8a87bb5fe09f","government-ai--schoolteacher","heavy-hit","17","1594","1776","x","-1","0.125","false","excluded","Fender arc approaches its lower double rim/corner.","3.9691","3.9691","3.9691","1942"
"src/assets/characters/states/government-ai--schoolteacher/heavy-hit.png","bb8b564970ccb83fd5ebfe840fc82f42f28a6086022b7edca5fa8a87bb5fe09f","government-ai--schoolteacher","heavy-hit","18","531","1788","x","1","-0.125","false","excluded","Fender side and lower wheel-cover rim meet at the sample.","4.9614","4.9614","4.9614","1942"
"src/assets/characters/states/government-ai--schoolteacher/heavy-hit.png","bb8b564970ccb83fd5ebfe840fc82f42f28a6086022b7edca5fa8a87bb5fe09f","government-ai--schoolteacher","heavy-hit","19","840","1823","y","-1","0.25","true","base","Underside skirt line enters gray plate to the left of the panel seam.","3.8806","3.8806","3.8806","1942"
"src/assets/characters/states/government-ai--schoolteacher/heavy-hit.png","bb8b564970ccb83fd5ebfe840fc82f42f28a6086022b7edca5fa8a87bb5fe09f","government-ai--schoolteacher","heavy-hit","20","1164","1828","y","-1","-0.25","false","excluded","Underside gray/navy panel seam and silhouette corner coincide.","3.8806","3.8806","3.8806","1942"
"src/assets/characters/states/government-ai--schoolteacher/weakness.png","2c3ee48b83f88d3a8d0f75006f3360b30356c3f96a8206cd443f8b59fef544bf","government-ai--schoolteacher","weakness","1","1221","168","x","-1","0.375","false","excluded","Dark crest tip and corner.","3.7453","3.7453","3.7453","1942"
"src/assets/characters/states/government-ai--schoolteacher/weakness.png","2c3ee48b83f88d3a8d0f75006f3360b30356c3f96a8206cd443f8b59fef544bf","government-ai--schoolteacher","weakness","2","960","178","y","1","0.125","false","excluded","Top head strip lies between nearby outer and inner dark rims.","2.9768","2.9768","2.9768","1942"
"src/assets/characters/states/government-ai--schoolteacher/weakness.png","2c3ee48b83f88d3a8d0f75006f3360b30356c3f96a8206cd443f8b59fef544bf","government-ai--schoolteacher","weakness","3","1167","264","x","-1","0.625","true","head","Smooth head-shell side with a dark line into broad blue housing.","4.2400","4.2400","4.2400","1942"
"src/assets/characters/states/government-ai--schoolteacher/weakness.png","2c3ee48b83f88d3a8d0f75006f3360b30356c3f96a8206cd443f8b59fef544bf","government-ai--schoolteacher","weakness","4","792","287","y","1","0.125","false","excluded","Glasses end/corner.","1.9846","2.9768","2.9768","1942"
"src/assets/characters/states/government-ai--schoolteacher/weakness.png","2c3ee48b83f88d3a8d0f75006f3360b30356c3f96a8206cd443f8b59fef544bf","government-ai--schoolteacher","weakness","5","1272","577","y","1","1","false","excluded","Shoulder-shell corner above the gold joint ring.","5.6569","5.6569","5.6569","1942"
"src/assets/characters/states/government-ai--schoolteacher/weakness.png","2c3ee48b83f88d3a8d0f75006f3360b30356c3f96a8206cd443f8b59fef544bf","government-ai--schoolteacher","weakness","6","811","600","x","1","0.375","true","prop","Straight exposed ruler side into wood; the nearby arm lies below the sampled ray.","2.8090","2.8090","2.8090","1942"
"src/assets/characters/states/government-ai--schoolteacher/weakness.png","2c3ee48b83f88d3a8d0f75006f3360b30356c3f96a8206cd443f8b59fef544bf","government-ai--schoolteacher","weakness","7","1344","648","x","-1","0.125","false","excluded","Concentric shoulder joint rim.","2.9768","2.9768","2.9768","1942"
"src/assets/characters/states/government-ai--schoolteacher/weakness.png","2c3ee48b83f88d3a8d0f75006f3360b30356c3f96a8206cd443f8b59fef544bf","government-ai--schoolteacher","weakness","8","750","660","x","1","-0.375","false","excluded","Gold shoulder joint rim against dark component fill.","3.7453","3.7453","3.7453","1942"
"src/assets/characters/states/government-ai--schoolteacher/weakness.png","2c3ee48b83f88d3a8d0f75006f3360b30356c3f96a8206cd443f8b59fef544bf","government-ai--schoolteacher","weakness","9","1391","972","x","-1","0.125","false","excluded","Elbow joint ring with nested borders.","3.9691","3.9691","3.9691","1942"
"src/assets/characters/states/government-ai--schoolteacher/weakness.png","2c3ee48b83f88d3a8d0f75006f3360b30356c3f96a8206cd443f8b59fef544bf","government-ai--schoolteacher","weakness","10","680","1020","x","1","0.25","false","excluded","Elbow rim and adjoining dark joint fill.","2.9104","2.9104","3.8806","1942"
"src/assets/characters/states/government-ai--schoolteacher/weakness.png","2c3ee48b83f88d3a8d0f75006f3360b30356c3f96a8206cd443f8b59fef544bf","government-ai--schoolteacher","weakness","11","1376","1020","x","-1","-1","false","excluded","Elbow lower ring meets the dark joint body.","4.2426","4.2426","4.2426","1942"
"src/assets/characters/states/government-ai--schoolteacher/weakness.png","2c3ee48b83f88d3a8d0f75006f3360b30356c3f96a8206cd443f8b59fef544bf","government-ai--schoolteacher","weakness","12","917","1080","x","1","-0.375","true","body","Plain torso silhouette line into distinct navy side-panel fill.","3.7453","3.7453","4.6816","1942"
"src/assets/characters/states/government-ai--schoolteacher/weakness.png","2c3ee48b83f88d3a8d0f75006f3360b30356c3f96a8206cd443f8b59fef544bf","government-ai--schoolteacher","weakness","13","1321","1344","x","-1","0.625","true","base","Upper right skirt slope into gray metal.","4.2400","4.2400","4.2400","1942"
"src/assets/characters/states/government-ai--schoolteacher/weakness.png","2c3ee48b83f88d3a8d0f75006f3360b30356c3f96a8206cd443f8b59fef544bf","government-ai--schoolteacher","weakness","14","838","1356","x","1","-0.625","true","base","Upper left skirt slope into gray metal.","4.2400","4.2400","4.2400","1942"
"src/assets/characters/states/government-ai--schoolteacher/weakness.png","2c3ee48b83f88d3a8d0f75006f3360b30356c3f96a8206cd443f8b59fef544bf","government-ai--schoolteacher","weakness","15","768","1464","x","1","-0.625","true","base","Lower left skirt slope into gray metal.","4.2400","4.2400","4.2400","1942"
"src/assets/characters/states/government-ai--schoolteacher/weakness.png","2c3ee48b83f88d3a8d0f75006f3360b30356c3f96a8206cd443f8b59fef544bf","government-ai--schoolteacher","weakness","16","1404","1470","y","1","1.5","true","base","Lower right skirt slope into gray metal.","3.8829","4.4376","4.4376","1942"
"src/assets/characters/states/government-ai--schoolteacher/weakness.png","2c3ee48b83f88d3a8d0f75006f3360b30356c3f96a8206cd443f8b59fef544bf","government-ai--schoolteacher","weakness","17","1619","1776","x","-1","0.25","false","excluded","Wheel-cover arc is too close to the lower rim/corner.","3.8806","3.8806","3.8806","1942"
"src/assets/characters/states/government-ai--schoolteacher/weakness.png","2c3ee48b83f88d3a8d0f75006f3360b30356c3f96a8206cd443f8b59fef544bf","government-ai--schoolteacher","weakness","18","552","1788","x","1","0","false","excluded","Wheel-cover side approaches the tire/rim junction.","5.0000","5.0000","5.0000","1942"
"src/assets/characters/states/government-ai--schoolteacher/weakness.png","2c3ee48b83f88d3a8d0f75006f3360b30356c3f96a8206cd443f8b59fef544bf","government-ai--schoolteacher","weakness","19","888","1825","y","-1","0.25","true","base","Underside skirt stroke enters gray plate before the separate navy panel seam.","4.8507","4.8507","4.8507","1942"
"src/assets/characters/states/government-ai--schoolteacher/weakness.png","2c3ee48b83f88d3a8d0f75006f3360b30356c3f96a8206cd443f8b59fef544bf","government-ai--schoolteacher","weakness","20","1200","1829","y","-1","-0.25","false","excluded","Underside gray/navy panel seam and silhouette turn meet at this point.","3.8806","3.8806","3.8806","1942"
